beta,rgb_supervise,rgb_weak_supervise_prop,z_dim,smooth,alpha,img_metric_mean,img_metric_std,color_metric_mean,color_metric_std
1.0,False,0.05,64,0.005,1.0,"[1.11639886e+00 0.00000000e+00 5.09278090e+01 3.22046951e-03
 8.98767248e+01 5.63097345e+01 9.89453049e-01 0.00000000e+00
 5.29503588e+01 2.74109723e-03 8.96818674e+01 5.58252205e+01
 9.91366910e-01]","[3.28982163e+00 0.00000000e+00 4.33428550e+00 1.71709442e-03
 7.62324967e-01 3.57102039e+00 1.15936878e-02 0.00000000e+00
 5.63954766e+00 1.75154473e-03 1.58539840e+00 3.12863733e+00
 1.10872780e-02]",52.01238808975418,17.51788296256042
0.5,False,0.05,8,0.001,2.5,"[8.87490126e-01 0.00000000e+00 4.79937025e+01 4.61332696e-03
 8.98840479e+01 5.52922650e+01 9.78831407e-01 0.00000000e+00
 4.98372073e+01 4.03583789e-03 8.97343027e+01 5.42686447e+01
 9.82226029e-01]","[3.31088412e+00 0.00000000e+00 4.88042232e+00 2.50125992e-03
 7.54776989e-01 4.16374905e+00 2.10315023e-02 0.00000000e+00
 6.28254445e+00 2.57956119e-03 1.35178178e+00 3.45643227e+00
 2.04927361e-02]",42.5385094103221,17.965291501263373
2.5,False,0.05,8,0.005,0.5,"[8.44502658e-01 0.00000000e+00 4.79164996e+01 4.60091782e-03
 8.98847299e+01 5.52341825e+01 9.78945090e-01 0.00000000e+00
 4.97478465e+01 4.02778931e-03 8.97426584e+01 5.42239644e+01
 9.82340294e-01]","[3.41936883e+00 0.00000000e+00 4.66484775e+00 2.39872563e-03
 7.54851642e-01 4.09002501e+00 2.02968144e-02 0.00000000e+00
 6.09628655e+00 2.49917550e-03 1.34161442e+00 3.36697840e+00
 1.98615119e-02]",57.38104398741033,16.983930193609456
1.0,True,0.05,8,0.005,0.5,"[8.85174731e-01 0.00000000e+00 4.81338550e+01 4.54227910e-03
 8.98835039e+01 5.52483173e+01 9.79042269e-01 0.00000000e+00
 4.99492941e+01 3.97397853e-03 8.97456954e+01 5.43246881e+01
 9.82494329e-01]","[3.43111245e+00 0.00000000e+00 4.88832310e+00 2.45095681e-03
 7.55660876e-01 4.03052519e+00 2.05979583e-02 0.00000000e+00
 6.23534414e+00 2.51779697e-03 1.32753303e+00 3.43459436e+00
 2.00900095e-02]",53.61008467765055,17.087197599630038
1.0,True,0.05,16,0.001,0.1,"[8.82109263e-01 0.00000000e+00 5.03702007e+01 3.47437336e-03
 8.98810699e+01 5.60813685e+01 9.87444565e-01 0.00000000e+00
 5.21965834e+01 3.01762858e-03 8.97144823e+01 5.54483328e+01
 9.89530488e-01]","[3.36121290e+00 0.00000000e+00 4.57004062e+00 1.91484193e-03
 7.56213804e-01 3.72086531e+00 1.39149689e-02 0.00000000e+00
 5.85055894e+00 1.94346621e-03 1.46855639e+00 3.24268754e+00
 1.34076085e-02]",43.34556250129554,18.325861870791712
2.5,False,0.05,64,0.005,1.0,"[9.06294536e-01 0.00000000e+00 4.96400493e+01 3.71241858e-03
 8.98771807e+01 5.58102643e+01 9.86148930e-01 0.00000000e+00
 5.14926127e+01 3.22455172e-03 8.96805097e+01 5.50963475e+01
 9.88471550e-01]","[3.19169860e+00 0.00000000e+00 4.29345288e+00 1.87839174e-03
 7.58999981e-01 3.70792957e+00 1.38917965e-02 0.00000000e+00
 5.68049486e+00 1.95887158e-03 1.61145319e+00 3.16106523e+00
 1.35109665e-02]",50.2418585751382,18.3665122344354
1.0,False,0.05,64,0.005,0.5,"[9.09632486e-01 0.00000000e+00 5.04423973e+01 3.41749675e-03
 8.98720413e+01 5.58458172e+01 9.88155984e-01 0.00000000e+00
 5.25028181e+01 2.88215238e-03 8.96785904e+01 5.56014502e+01
 9.90569439e-01]","[3.42758069e+00 0.00000000e+00 4.44890505e+00 1.81040736e-03
 7.64647557e-01 3.41420279e+00 1.25213845e-02 0.00000000e+00
 5.59174468e+00 1.84656017e-03 1.59935025e+00 3.10765326e+00
 1.20077881e-02]",51.056417527759145,17.682282597016577
1.0,False,0.05,16,0.001,0.5,"[9.59016382e-01 0.00000000e+00 5.05730649e+01 3.42628109e-03
 8.98766111e+01 5.61196488e+01 9.87688697e-01 0.00000000e+00
 5.24828415e+01 2.95216909e-03 8.97055307e+01 5.55914618e+01
 9.89756289e-01]","[3.29006054e+00 0.00000000e+00 4.72640257e+00 1.95128424e-03
 7.59710521e-01 3.69859057e+00 1.41080240e-02 0.00000000e+00
 5.95426833e+00 1.97140168e-03 1.44463919e+00 3.29161993e+00
 1.34739745e-02]",44.49141541105152,18.973056971239426
0.5,False,0.05,8,0.001,0.5,"[1.03157465e+00 0.00000000e+00 4.82679478e+01 4.49760412e-03
 8.98813102e+01 5.51841606e+01 9.79511323e-01 0.00000000e+00
 5.01845069e+01 3.90572651e-03 8.96919662e+01 5.44422945e+01
 9.82957125e-01]","[3.39704332e+00 0.00000000e+00 4.99124357e+00 2.46415032e-03
 7.57335974e-01 3.95622861e+00 2.04968665e-02 0.00000000e+00
 6.36440439e+00 2.53287542e-03 1.57772074e+00 3.49980491e+00
 1.98598568e-02]",48.66986935234201,18.869649440539614
0.5,True,0.05,64,0.005,0.1,"[8.23024510e-01 0.00000000e+00 5.11295496e+01 3.18217298e-03
 8.98687715e+01 5.62316090e+01 9.89299430e-01 0.00000000e+00
 5.32075435e+01 2.69812226e-03 8.96714063e+01 5.59538128e+01
 9.91583737e-01]","[3.35457399e+00 0.00000000e+00 4.56540288e+00 1.74628766e-03
 7.67972537e-01 3.53099059e+00 1.15694915e-02 0.00000000e+00
 5.84346728e+00 1.78233121e-03 1.56452404e+00 3.23216996e+00
 1.10235200e-02]",52.375405906038964,17.59354407868355
0.5,True,0.05,64,0.005,1.0,"[2.00503495e+00 0.00000000e+00 5.11340381e+01 3.16233748e-03
 8.98774593e+01 5.63254327e+01 9.89223798e-01 0.00000000e+00
 5.34446765e+01 2.61275125e-03 8.96602059e+01 5.60723793e+01
 9.92026392e-01]","[4.64270322e+00 0.00000000e+00 4.46319955e+00 1.70424799e-03
 7.59834150e-01 3.47951098e+00 1.14482168e-02 0.00000000e+00
 5.72103386e+00 1.72338722e-03 1.73901353e+00 3.16280562e+00
 1.04432237e-02]",52.27342321011069,17.80832591922714
2.5,True,0.05,8,0.005,1.0,"[8.51678427e-01 0.00000000e+00 4.76568039e+01 4.69334474e-03
 8.98807974e+01 5.49845088e+01 9.78543807e-01 0.00000000e+00
 4.95290313e+01 4.08067262e-03 8.97245361e+01 5.41145567e+01
 9.82138845e-01]","[3.26818118e+00 0.00000000e+00 4.48610420e+00 2.35424354e-03
 7.59421838e-01 3.93704485e+00 2.02389072e-02 0.00000000e+00
 5.92249413e+00 2.45850801e-03 1.38965554e+00 3.26848919e+00
 1.98224460e-02]",49.36242496134672,18.862000660577117
2.5,True,0.05,8,0.001,2.5,"[9.08505802e-01 0.00000000e+00 4.80317566e+01 4.56744300e-03
 8.98799918e+01 5.51523855e+01 9.79252351e-01 0.00000000e+00
 4.98780965e+01 3.96906865e-03 8.97146474e+01 5.42890894e+01
 9.82713697e-01]","[3.26031241e+00 0.00000000e+00 4.76373186e+00 2.42627446e-03
 7.61840586e-01 3.93588940e+00 2.03838649e-02 0.00000000e+00
 6.03107159e+00 2.49253692e-03 1.42247367e+00 3.33084001e+00
 1.97090607e-02]",44.51290834991409,18.493216013744025
2.5,False,0.05,16,0.001,1.0,"[1.03516026e+00 0.00000000e+00 4.97008866e+01 3.72869720e-03
 8.98737651e+01 5.56943516e+01 9.85959400e-01 0.00000000e+00
 5.16267443e+01 3.21969734e-03 8.96745150e+01 5.51634132e+01
 9.88362966e-01]","[3.37124364e+00 0.00000000e+00 4.46869068e+00 2.00479586e-03
 7.65714680e-01 3.63601755e+00 1.49797915e-02 0.00000000e+00
 5.82194359e+00 2.06792835e-03 1.64355824e+00 3.22397936e+00
 1.43831821e-02]",44.95474740707528,18.22781406411699
0.5,True,0.05,8,0.005,2.5,"[8.83099167e-01 0.00000000e+00 4.79937143e+01 4.61130936e-03
 8.98840360e+01 5.52788786e+01 9.78850147e-01 0.00000000e+00
 4.98311345e+01 4.03421744e-03 8.97356308e+01 5.42656083e+01
 9.82254266e-01]","[3.32137449e+00 0.00000000e+00 4.87365320e+00 2.49660334e-03
 7.54595161e-01 4.15107439e+00 2.09891064e-02 0.00000000e+00
 6.26694737e+00 2.57448761e-03 1.34028376e+00 3.44863345e+00
 2.04640847e-02]",47.929225930869265,18.88117775283897
1.0,True,0.05,8,0.005,2.5,"[1.00879216e+00 0.00000000e+00 4.80795069e+01 4.53856417e-03
 8.98807683e+01 5.50964863e+01 9.79553803e-01 0.00000000e+00
 5.00352844e+01 3.92924714e-03 8.97052826e+01 5.43676833e+01
 9.82975962e-01]","[3.32883934e+00 0.00000000e+00 4.74058946e+00 2.41605469e-03
 7.55120926e-01 3.93178874e+00 2.00768945e-02 0.00000000e+00
 6.19138547e+00 2.49947625e-03 1.46893591e+00 3.40845109e+00
 1.94544661e-02]",48.540365625989025,18.829910930857928
1.0,True,0.05,16,0.001,1.0,"[8.68608743e-01 0.00000000e+00 5.02679370e+01 3.52829270e-03
 8.98796919e+01 5.59703941e+01 9.86981121e-01 0.00000000e+00
 5.22493273e+01 3.04002799e-03 8.96978373e+01 5.54747047e+01
 9.89199851e-01]","[3.20240009e+00 0.00000000e+00 4.66506894e+00 1.94200439e-03
 7.58272777e-01 3.65157835e+00 1.41851165e-02 0.00000000e+00
 6.05676749e+00 1.99630009e-03 1.57565354e+00 3.34447275e+00
 1.36929647e-02]",43.631343847184745,18.77924062415609
0.5,True,0.05,16,0.001,2.5,"[8.60840108e-01 0.00000000e+00 5.03286181e+01 3.50846111e-03
 8.98685831e+01 5.58732969e+01 9.87422586e-01 0.00000000e+00
 5.25431229e+01 2.94167828e-03 8.96682387e+01 5.56216025e+01
 9.89867446e-01]","[3.41659798e+00 0.00000000e+00 4.64967429e+00 1.97001576e-03
 7.70431309e-01 3.61026368e+00 1.42108365e-02 0.00000000e+00
 5.95261598e+00 2.00430713e-03 1.60285943e+00 3.28957425e+00
 1.36320055e-02]",43.33385127560278,19.21196254093439
2.5,True,0.05,8,0.001,0.5,"[8.48465845e-01 0.00000000e+00 4.79108681e+01 4.60338765e-03
 8.98850324e+01 5.52285362e+01 9.78917078e-01 0.00000000e+00
 4.97488270e+01 4.02926123e-03 8.97400958e+01 5.42244546e+01
 9.82328619e-01]","[3.43701843e+00 0.00000000e+00 4.67110052e+00 2.39288802e-03
 7.54435070e-01 4.08245856e+00 2.02506132e-02 0.00000000e+00
 6.11304803e+00 2.49639819e-03 1.35698077e+00 3.37460692e+00
 1.98146959e-02]",44.493153541651075,18.601737122015475
0.5,False,0.05,64,0.001,1.0,"[1.99546178e+00 0.00000000e+00 5.11558698e+01 3.15703054e-03
 8.98780950e+01 5.63250070e+01 9.89244332e-01 0.00000000e+00
 5.34319638e+01 2.61401523e-03 8.96596715e+01 5.60660230e+01
 9.92013048e-01]","[4.59127084e+00 0.00000000e+00 4.47000341e+00 1.70953433e-03
 7.58661478e-01 3.48503874e+00 1.14617984e-02 0.00000000e+00
 5.70366491e+00 1.72185275e-03 1.74176219e+00 3.15295997e+00
 1.04393685e-02]",43.29526808612258,18.751328964899827
1.0,False,0.05,16,0.005,0.1,"[8.86079484e-01 0.00000000e+00 5.03587957e+01 3.47544071e-03
 8.98811028e+01 5.60913347e+01 9.87441378e-01 0.00000000e+00
 5.21939046e+01 3.01688581e-03 8.97155394e+01 5.54469934e+01
 9.89535893e-01]","[3.37478383e+00 0.00000000e+00 4.55129873e+00 1.91064807e-03
 7.55800304e-01 3.71578554e+00 1.38933172e-02 0.00000000e+00
 5.83735850e+00 1.94250096e-03 1.45700316e+00 3.23638223e+00
 1.34036288e-02]",49.78088773679196,18.531015864286434
0.5,True,0.05,16,0.005,0.1,"[1.00502967e+00 0.00000000e+00 5.04505312e+01 3.45730484e-03
 8.98687334e+01 5.59225769e+01 9.87556594e-01 0.00000000e+00
 5.26234125e+01 2.90873737e-03 8.96339140e+01 5.56617473e+01
 9.89981407e-01]","[3.32211621e+00 0.00000000e+00 4.61019187e+00 1.96011138e-03
 7.70616278e-01 3.58646532e+00 1.42828288e-02 0.00000000e+00
 5.89775124e+00 1.99440584e-03 1.79391267e+00 3.25822571e+00
 1.36393578e-02]",49.30988156994412,18.201928521171972
2.5,True,0.05,16,0.005,0.1,"[9.64902658e-01 0.00000000e+00 4.96910723e+01 3.70728229e-03
 8.98755996e+01 5.57129985e+01 9.86181511e-01 0.00000000e+00
 5.17432294e+01 3.16368365e-03 8.97009027e+01 5.52216558e+01
 9.88735924e-01]","[3.14384437e+00 0.00000000e+00 4.31556904e+00 1.95786172e-03
 7.60814674e-01 3.52249809e+00 1.45789552e-02 0.00000000e+00
 5.73775363e+00 2.02796837e-03 1.46467206e+00 3.17649667e+00
 1.41369199e-02]",47.12502586440568,18.01585219981968
0.5,False,0.05,16,0.005,2.5,"[8.72143380e-01 0.00000000e+00 5.03167034e+01 3.51501406e-03
 8.98686521e+01 5.58602841e+01 9.87391273e-01 0.00000000e+00
 5.25043276e+01 2.95071195e-03 8.96701765e+01 5.56022049e+01
 9.89837878e-01]","[3.43837441e+00 0.00000000e+00 4.66585664e+00 1.97437186e-03
 7.70241464e-01 3.61806929e+00 1.42586604e-02 0.00000000e+00
 5.93794878e+00 2.00511518e-03 1.59757387e+00 3.28141223e+00
 1.36569336e-02]",47.522637109011704,19.066676393997117
1.0,True,0.05,64,0.005,1.0,"[1.13467364e+00 0.00000000e+00 5.09183322e+01 3.22397486e-03
 8.98766420e+01 5.63081005e+01 9.89414731e-01 0.00000000e+00
 5.29232429e+01 2.74865883e-03 8.96841719e+01 5.58116626e+01
 9.91325332e-01]","[3.31286322e+00 0.00000000e+00 4.33549005e+00 1.71737473e-03
 7.61015336e-01 3.56556446e+00 1.15785348e-02 0.00000000e+00
 5.63789384e+00 1.75302150e-03 1.54858470e+00 3.12569177e+00
 1.10697700e-02]",52.06611371920124,17.972354375484564
1.0,True,0.05,64,0.001,0.1,"[9.56265792e-01 0.00000000e+00 5.07619496e+01 3.27778024e-03
 8.98769308e+01 5.61467137e+01 9.89189984e-01 0.00000000e+00
 5.27740537e+01 2.79459072e-03 8.96788751e+01 5.57370679e+01
 9.91100015e-01]","[3.32981731e+00 0.00000000e+00 4.29787982e+00 1.74318561e-03
 7.58963932e-01 3.43912028e+00 1.18787682e-02 0.00000000e+00
 5.62348166e+00 1.78416953e-03 1.63951081e+00 3.11850779e+00
 1.13339633e-02]",45.17135514196902,18.684194765094773
1.0,True,0.05,8,0.005,1.0,"[8.85945599e-01 0.00000000e+00 4.82609265e+01 4.50108412e-03
 8.98804332e+01 5.52848568e+01 9.79805904e-01 0.00000000e+00
 5.01119003e+01 3.92679658e-03 8.97120207e+01 5.44059912e+01
 9.82990993e-01]","[3.27133065e+00 0.00000000e+00 4.94658218e+00 2.50484879e-03
 7.59110269e-01 4.05261487e+00 2.06685138e-02 0.00000000e+00
 6.29321845e+00 2.55935879e-03 1.43050865e+00 3.45718855e+00
 2.00397052e-02]",57.400776161997115,16.87627257945968
2.5,False,0.05,16,0.001,0.1,"[9.65511503e-01 0.00000000e+00 4.96841085e+01 3.70815244e-03
 8.98740978e+01 5.57355018e+01 9.86149066e-01 0.00000000e+00
 5.17244568e+01 3.16903336e-03 8.97053824e+01 5.52122695e+01
 9.88701091e-01]","[3.15239619e+00 0.00000000e+00 4.28777161e+00 1.96143520e-03
 7.64066405e-01 3.54324762e+00 1.46409084e-02 0.00000000e+00
 5.72659719e+00 2.03237145e-03 1.45535075e+00 3.16967941e+00
 1.42081557e-02]",44.730339096015726,18.92126771919525
0.5,False,0.05,16,0.001,0.5,"[1.04965634e+00 0.00000000e+00 5.06569034e+01 3.41580501e-03
 8.98836992e+01 5.62004335e+01 9.87606342e-01 0.00000000e+00
 5.28241575e+01 2.89261279e-03 8.97223119e+01 5.57621198e+01
 9.89872994e-01]","[3.25523466e+00 0.00000000e+00 4.85333748e+00 1.96973628e-03
 7.56019771e-01 3.80769813e+00 1.42837976e-02 0.00000000e+00
 6.24134710e+00 1.99664604e-03 1.42230453e+00 3.43556351e+00
 1.36204738e-02]",43.66709120876513,18.71382187766219
1.0,True,0.05,64,0.005,2.5,"[8.86003754e-01 0.00000000e+00 5.06255416e+01 3.32817819e-03
 8.98731213e+01 5.62018633e+01 9.88696497e-01 0.00000000e+00
 5.24709443e+01 2.87606708e-03 8.96928264e+01 5.55855133e+01
 9.90693161e-01]","[3.33543085e+00 0.00000000e+00 4.31269172e+00 1.75131678e-03
 7.60891006e-01 3.58052901e+00 1.20910044e-02 0.00000000e+00
 5.54818797e+00 1.79387820e-03 1.50327145e+00 3.08154927e+00
 1.15477760e-02]",47.61774863799221,18.005574943538488
0.5,True,0.05,8,0.005,1.0,"[1.13462850e+00 0.00000000e+00 4.81925532e+01 4.50868791e-03
 8.98750499e+01 5.51170091e+01 9.79639334e-01 0.00000000e+00
 4.98163263e+01 3.97582091e-03 8.96685573e+01 5.42582042e+01
 9.82655631e-01]","[3.55451186e+00 0.00000000e+00 4.85450492e+00 2.44818277e-03
 7.63740626e-01 3.86701717e+00 2.03728088e-02 0.00000000e+00
 5.92570418e+00 2.49202727e-03 1.61567495e+00 3.28073214e+00
 1.98695377e-02]",50.18661422729079,18.68063938204805
2.5,False,0.05,64,0.001,2.5,"[9.91231355e-01 0.00000000e+00 4.96184459e+01 3.71476317e-03
 8.98774895e+01 5.56831376e+01 9.86210590e-01 0.00000000e+00
 5.14467388e+01 3.21434945e-03 8.96682085e+01 5.50734105e+01
 9.88606200e-01]","[3.40381070e+00 0.00000000e+00 4.25347794e+00 1.85797232e-03
 7.58490538e-01 3.51982922e+00 1.35191801e-02 0.00000000e+00
 5.49658201e+00 1.92357877e-03 1.66378138e+00 3.06898623e+00
 1.30363483e-02]",45.42214482363474,18.925503411138102
0.5,False,0.05,64,0.005,1.0,"[2.00839233e+00 0.00000000e+00 5.11348697e+01 3.16219515e-03
 8.98777846e+01 5.63295638e+01 9.89181515e-01 0.00000000e+00
 5.34396862e+01 2.61147941e-03 8.96589537e+01 5.60698842e+01
 9.92024458e-01]","[4.63223102e+00 0.00000000e+00 4.45769394e+00 1.70592235e-03
 7.59512931e-01 3.48861940e+00 1.14338211e-02 0.00000000e+00
 5.69394233e+00 1.72238218e-03 1.74797648e+00 3.14801479e+00
 1.04507219e-02]",52.80794970269361,18.086116790798798
0.5,True,0.05,64,0.001,0.5,"[9.11389648e-01 0.00000000e+00 5.14699078e+01 3.06357655e-03
 8.98753818e+01 5.64781322e+01 9.90308989e-01 0.00000000e+00
 5.35639479e+01 2.59737834e-03 8.96828904e+01 5.61320150e+01
 9.92130759e-01]","[3.30984384e+00 0.00000000e+00 4.53336752e+00 1.72306038e-03
 7.61815413e-01 3.54495803e+00 1.12517690e-02 0.00000000e+00
 5.87080662e+00 1.73935162e-03 1.59960831e+00 3.22816224e+00
 1.05505815e-02]",43.58798885631336,18.316038275565738
1.0,False,0.05,64,0.001,2.5,"[8.89155445e-01 0.00000000e+00 5.06373816e+01 3.32396117e-03
 8.98732187e+01 5.62025118e+01 9.88738615e-01 0.00000000e+00
 5.24926860e+01 2.86892429e-03 8.96942341e+01 5.55963841e+01
 9.90733976e-01]","[3.31996610e+00 0.00000000e+00 4.31971845e+00 1.74529315e-03
 7.60952300e-01 3.57674264e+00 1.20301477e-02 0.00000000e+00
 5.55931083e+00 1.78366656e-03 1.49508619e+00 3.08426283e+00
 1.14666437e-02]",45.158930390014476,19.31647844321801
2.5,False,0.05,64,0.001,0.5,"[1.03872056e+00 0.00000000e+00 4.94164332e+01 3.75460526e-03
 8.98747510e+01 5.54051150e+01 9.86324740e-01 0.00000000e+00
 5.14995055e+01 3.16091375e-03 8.96770880e+01 5.50997939e+01
 9.89027821e-01]","[3.29591127e+00 0.00000000e+00 3.96532781e+00 1.80792135e-03
 7.63667176e-01 3.29794739e+00 1.33380885e-02 0.00000000e+00
 5.26157887e+00 1.87832419e-03 1.60714517e+00 2.93758956e+00
 1.28067508e-02]",45.24204454456314,18.507944651545383
1.0,False,0.05,16,0.001,0.1,"[8.78501695e-01 0.00000000e+00 5.03682120e+01 3.47481422e-03
 8.98811721e+01 5.60857032e+01 9.87451015e-01 0.00000000e+00
 5.21950581e+01 3.01938245e-03 8.97171172e+01 5.54475701e+01
 9.89529389e-01]","[3.36089530e+00 0.00000000e+00 4.57348693e+00 1.91078156e-03
 7.56045852e-01 3.73140987e+00 1.38442842e-02 0.00000000e+00
 5.86589320e+00 1.94127660e-03 1.44751691e+00 3.24967577e+00
 1.33584500e-02]",43.79213567972712,18.18467547075935
1.0,True,0.05,64,0.001,1.0,"[1.12384050e+00 0.00000000e+00 5.09033496e+01 3.22958151e-03
 8.98763992e+01 5.63111476e+01 9.89386557e-01 0.00000000e+00
 5.29153237e+01 2.75150100e-03 8.96820171e+01 5.58077029e+01
 9.91317088e-01]","[3.32125272e+00 0.00000000e+00 4.33288749e+00 1.72059328e-03
 7.61712489e-01 3.56757965e+00 1.15981224e-02 0.00000000e+00
 5.63639731e+00 1.75455275e-03 1.57269805e+00 3.12492286e+00
 1.10689988e-02]",44.29250238007905,19.01672693548779
1.0,True,0.05,8,0.001,2.5,"[9.85481595e-01 0.00000000e+00 4.80920422e+01 4.53382728e-03
 8.98808272e+01 5.51066652e+01 9.79580918e-01 0.00000000e+00
 5.00438761e+01 3.92695041e-03 8.97009760e+01 5.43719791e+01
 9.82987452e-01]","[3.28623144e+00 0.00000000e+00 4.74660145e+00 2.41730606e-03
 7.54596027e-01 3.92647469e+00 2.00552671e-02 0.00000000e+00
 6.19896504e+00 2.49897169e-03 1.48806649e+00 3.41240857e+00
 1.94301652e-02]",43.68104557821045,19.01518725746052
1.0,False,0.05,16,0.001,2.5,"[1.43768373e+00 0.00000000e+00 5.01915308e+01 3.55475856e-03
 8.98761788e+01 5.58165998e+01 9.86962149e-01 0.00000000e+00
 5.18719758e+01 3.09869050e-03 8.96698234e+01 5.52860290e+01
 9.89134671e-01]","[3.66868808e+00 0.00000000e+00 4.61034366e+00 1.96942971e-03
 7.59359502e-01 3.48873204e+00 1.42576724e-02 0.00000000e+00
 5.56753173e+00 1.98909995e-03 1.63787824e+00 3.10165373e+00
 1.36424417e-02]",43.45889566711155,18.715734970298367
2.5,True,0.05,16,0.001,0.5,"[8.46977825e-01 0.00000000e+00 4.94470170e+01 3.81042049e-03
 8.98777383e+01 5.55566930e+01 9.85173227e-01 0.00000000e+00
 5.14067264e+01 3.26806890e-03 8.97178204e+01 5.50534043e+01
 9.88038476e-01]","[3.36802249e+00 0.00000000e+00 4.34843308e+00 1.96825625e-03
 7.56847554e-01 3.51188693e+00 1.50093997e-02 0.00000000e+00
 5.68542896e+00 2.03272319e-03 1.43636028e+00 3.15686319e+00
 1.44493925e-02]",44.45013483623564,18.35518317573697
1.0,True,0.05,8,0.001,0.5,"[8.80191824e-01 0.00000000e+00 4.81335917e+01 4.53922971e-03
 8.98840786e+01 5.52537186e+01 9.79079140e-01 0.00000000e+00
 4.99376553e+01 3.97522185e-03 8.97441917e+01 5.43188688e+01
 9.82485199e-01]","[3.41063682e+00 0.00000000e+00 4.86908510e+00 2.44850578e-03
 7.55187768e-01 4.02579728e+00 2.06084895e-02 0.00000000e+00
 6.21723386e+00 2.51541014e-03 1.33269185e+00 3.42577150e+00
 2.01050400e-02]",45.833078619660654,18.74429721010103
1.0,False,0.05,8,0.005,2.5,"[1.00881847e+00 0.00000000e+00 4.80896559e+01 4.53682192e-03
 8.98807272e+01 5.51106969e+01 9.79541929e-01 0.00000000e+00
 5.00468102e+01 3.92783078e-03 8.97041598e+01 5.43734462e+01
 9.82974239e-01]","[3.33829543e+00 0.00000000e+00 4.75334433e+00 2.42135430e-03
 7.55003468e-01 3.93363113e+00 2.00945581e-02 0.00000000e+00
 6.20796488e+00 2.50250184e-03 1.47325739e+00 3.41664092e+00
 1.94487818e-02]",46.669871506387224,19.488255489362345
2.5,True,0.05,16,0.001,1.0,"[1.04909559e+00 0.00000000e+00 4.97095797e+01 3.72529493e-03
 8.98733001e+01 5.57131017e+01 9.85933096e-01 0.00000000e+00
 5.16095386e+01 3.21724083e-03 8.96717340e+01 5.51548104e+01
 9.88379414e-01]","[3.39969597e+00 0.00000000e+00 4.45709916e+00 2.01056558e-03
 7.65355640e-01 3.63016139e+00 1.51085119e-02 0.00000000e+00
 5.75465312e+00 2.06578969e-03 1.65206903e+00 3.18794670e+00
 1.44492840e-02]",45.01665818266626,19.47363827855311
2.5,True,0.05,64,0.005,0.1,"[8.66570968e-01 0.00000000e+00 4.95289825e+01 3.74022341e-03
 8.98795237e+01 5.56321496e+01 9.85919430e-01 0.00000000e+00
 5.15367947e+01 3.20718657e-03 8.97182099e+01 5.51184384e+01
 9.88507557e-01]","[3.10288958e+00 0.00000000e+00 4.19753603e+00 1.85412916e-03
 7.57108934e-01 3.49238891e+00 1.39479461e-02 0.00000000e+00
 5.68141591e+00 1.94844562e-03 1.45475183e+00 3.15621612e+00
 1.36103021e-02]",55.853999655150545,16.8745705976592
0.5,False,0.05,16,0.001,1.0,"[9.48563344e-01 0.00000000e+00 5.04329241e+01 3.45784202e-03
 8.98735005e+01 5.58835213e+01 9.87498196e-01 0.00000000e+00
 5.22553484e+01 2.98885568e-03 8.97040224e+01 5.54777153e+01
 9.89608820e-01]","[3.36461572e+00 0.00000000e+00 4.58387759e+00 1.93745762e-03
 7.59648418e-01 3.50653927e+00 1.41042017e-02 0.00000000e+00
 5.71645966e+00 1.95556395e-03 1.44938953e+00 3.17077514e+00
 1.35175547e-02]",44.205049482066535,18.627495165962983
0.5,True,0.05,8,0.001,0.5,"[1.02725022e+00 0.00000000e+00 4.82629555e+01 4.49873013e-03
 8.98810701e+01 5.51842641e+01 9.79506186e-01 0.00000000e+00
 5.01833419e+01 3.90670368e-03 8.96918997e+01 5.44417120e+01
 9.82947112e-01]","[3.39273042e+00 0.00000000e+00 4.98252073e+00 2.46324775e-03
 7.57140258e-01 3.95355209e+00 2.04777161e-02 0.00000000e+00
 6.36588541e+00 2.53320924e-03 1.57496979e+00 3.50100317e+00
 1.98418907e-02]",49.548414019147096,18.48655137092495
0.5,False,0.05,16,0.005,0.1,"[1.00579610e+00 0.00000000e+00 5.04654253e+01 3.45493429e-03
 8.98686764e+01 5.59346674e+01 9.87547111e-01 0.00000000e+00
 5.26354458e+01 2.90875897e-03 8.96338677e+01 5.56677640e+01
 9.89964772e-01]","[3.32351513e+00 0.00000000e+00 4.62885404e+00 1.96425905e-03
 7.70071535e-01 3.59812856e+00 1.43182420e-02 0.00000000e+00
 5.92626778e+00 1.99675120e-03 1.78921909e+00 3.27293858e+00
 1.36623617e-02]",49.381715745394075,18.767636589056195
0.5,True,0.05,64,0.001,2.5,"[1.07543196e+00 0.00000000e+00 5.11322899e+01 3.16234092e-03
 8.98777302e+01 5.64156248e+01 9.89780603e-01 0.00000000e+00
 5.31431888e+01 2.70501372e-03 8.96729363e+01 5.59216355e+01
 9.91627077e-01]","[3.30927440e+00 0.00000000e+00 4.43269457e+00 1.71113971e-03
 7.59872803e-01 3.58713916e+00 1.12547873e-02 0.00000000e+00
 5.80924390e+00 1.74620909e-03 1.63666150e+00 3.21466042e+00
 1.06539170e-02]",43.739319845085724,18.748442908409828
1.0,True,0.05,64,0.005,0.5,"[9.03548708e-01 0.00000000e+00 5.04583317e+01 3.41215787e-03
 8.98729093e+01 5.58405244e+01 9.88178395e-01 0.00000000e+00
 5.25142913e+01 2.87870540e-03 8.96815156e+01 5.56071868e+01
 9.90581256e-01]","[3.41321653e+00 0.00000000e+00 4.44925251e+00 1.81167506e-03
 7.61005365e-01 3.41440376e+00 1.25526450e-02 0.00000000e+00
 5.58671961e+00 1.84842371e-03 1.58324080e+00 3.10595363e+00
 1.20161000e-02]",51.9598842045855,17.71479513460428
2.5,False,0.05,16,0.005,0.5,"[8.53661343e-01 0.00000000e+00 4.94324284e+01 3.81558070e-03
 8.98781799e+01 5.55638456e+01 9.85128286e-01 0.00000000e+00
 5.13802972e+01 3.27560795e-03 8.97177393e+01 5.50401897e+01
 9.88000299e-01]","[3.40607118e+00 0.00000000e+00 4.34180090e+00 1.96907765e-03
 7.56207501e-01 3.53126307e+00 1.50165724e-02 0.00000000e+00
 5.67384274e+00 2.03460347e-03 1.44627312e+00 3.15221029e+00
 1.44808958e-02]",50.34550293816593,18.685861913254612
0.5,False,0.05,16,0.001,0.1,"[1.00019380e+00 0.00000000e+00 5.04697487e+01 3.45436940e-03
 8.98681862e+01 5.59185939e+01 9.87549352e-01 0.00000000e+00
 5.26478979e+01 2.90691323e-03 8.96327367e+01 5.56739900e+01
 9.89968958e-01]","[3.31381384e+00 0.00000000e+00 4.63557102e+00 1.96682977e-03
 7.71309156e-01 3.58400798e+00 1.43290359e-02 0.00000000e+00
 5.93540056e+00 2.00120382e-03 1.79830153e+00 3.27675212e+00
 1.36990402e-02]",44.134442395626266,18.466480997521042
2.5,True,0.05,16,0.001,0.1,"[9.46467795e-01 0.00000000e+00 4.96633936e+01 3.71660409e-03
 8.98757608e+01 5.56875864e+01 9.86098886e-01 0.00000000e+00
 5.17007878e+01 3.17574614e-03 8.97054317e+01 5.52004350e+01
 9.88661465e-01]","[3.11247568e+00 0.00000000e+00 4.29144710e+00 1.96052525e-03
 7.61458420e-01 3.51467825e+00 1.46231141e-02 0.00000000e+00
 5.72211375e+00 2.03293912e-03 1.44540087e+00 3.16777889e+00
 1.42606648e-02]",44.48900855182484,19.3520513245508
1.0,True,0.05,8,0.001,1.0,"[9.00247882e-01 0.00000000e+00 4.82629041e+01 4.49995026e-03
 8.98806075e+01 5.52900994e+01 9.79815350e-01 0.00000000e+00
 5.01258938e+01 3.92406446e-03 8.97096226e+01 5.44129880e+01
 9.83008844e-01]","[3.28619300e+00 0.00000000e+00 4.94719443e+00 2.50272581e-03
 7.58782223e-01 4.06322014e+00 2.06540180e-02 0.00000000e+00
 6.30980827e+00 2.55913346e-03 1.44085044e+00 3.46493427e+00
 2.00201871e-02]",43.98418812903961,19.61293033964878
2.5,True,0.05,64,0.005,0.5,"[1.02494334e+00 0.00000000e+00 4.94281376e+01 3.74800438e-03
 8.98756027e+01 5.53954390e+01 9.86399760e-01 0.00000000e+00
 5.14858306e+01 3.16568622e-03 8.96834122e+01 5.50929564e+01
 9.89013743e-01]","[3.29575314e+00 0.00000000e+00 3.94913796e+00 1.81013966e-03
 7.62582922e-01 3.26371085e+00 1.34142820e-02 0.00000000e+00
 5.26272979e+00 1.88395293e-03 1.57493618e+00 2.93911578e+00
 1.29100945e-02]",52.75608969031456,16.521343212079973
1.0,False,0.05,64,0.001,1.0,"[1.12082550e+00 0.00000000e+00 5.09020039e+01 3.22657407e-03
 8.98768353e+01 5.63039560e+01 9.89406292e-01 0.00000000e+00
 5.29300214e+01 2.74455317e-03 8.96829964e+01 5.58150518e+01
 9.91357112e-01]","[3.30396541e+00 0.00000000e+00 4.30661178e+00 1.71703246e-03
 7.61610369e-01 3.55902309e+00 1.15983699e-02 0.00000000e+00
 5.61945840e+00 1.75146365e-03 1.55887840e+00 3.11716916e+00
 1.10697186e-02]",45.07575547727395,19.399750088666334
1.0,True,0.05,64,0.001,2.5,"[8.87982807e-01 0.00000000e+00 5.06156294e+01 3.33232960e-03
 8.98732354e+01 5.61876296e+01 9.88699753e-01 0.00000000e+00
 5.24572961e+01 2.87707062e-03 8.96954371e+01 5.55786891e+01
 9.90696373e-01]","[3.33639056e+00 0.00000000e+00 4.31897780e+00 1.75267058e-03
 7.61499417e-01 3.56557028e+00 1.21348225e-02 0.00000000e+00
 5.52471373e+00 1.79117300e-03 1.49007538e+00 3.07019678e+00
 1.15727883e-02]",44.36972052183019,18.55120292953155
2.5,False,0.05,64,0.001,1.0,"[9.33794372e-01 0.00000000e+00 4.96795545e+01 3.70088033e-03
 8.98772391e+01 5.58093077e+01 9.86205774e-01 0.00000000e+00
 5.15202841e+01 3.21482015e-03 8.96889927e+01 5.51101831e+01
 9.88497232e-01]","[3.26181063e+00 0.00000000e+00 4.31799650e+00 1.88723249e-03
 7.58915479e-01 3.69906362e+00 1.39992810e-02 0.00000000e+00
 5.66432007e+00 1.96432784e-03 1.56960841e+00 3.15325232e+00
 1.36069239e-02]",42.73227907524866,19.033546260760193
0.5,False,0.05,64,0.005,0.5,"[9.23716228e-01 0.00000000e+00 5.14496526e+01 3.06729543e-03
 8.98754317e+01 5.64705918e+01 9.90303873e-01 0.00000000e+00
 5.35488436e+01 2.59939741e-03 8.96831872e+01 5.61244629e+01
 9.92131531e-01]","[3.30408641e+00 0.00000000e+00 4.51294718e+00 1.71620922e-03
 7.61435808e-01 3.53105641e+00 1.11950940e-02 0.00000000e+00
 5.85865727e+00 1.73399297e-03 1.58797278e+00 3.22035250e+00
 1.04913590e-02]",55.951122767639625,17.355244937279267
0.5,False,0.05,8,0.001,0.1,"[8.76020456e-01 0.00000000e+00 4.83177672e+01 4.47214310e-03
 8.98846761e+01 5.51689998e+01 9.79528556e-01 0.00000000e+00
 5.01612552e+01 3.89155250e-03 8.97452853e+01 5.44306687e+01
 9.82989953e-01]","[3.20607063e+00 0.00000000e+00 4.95960977e+00 2.47683643e-03
 7.57228478e-01 3.86679701e+00 2.07408867e-02 0.00000000e+00
 6.24354078e+00 2.50447011e-03 1.33354884e+00 3.43687556e+00
 1.98607221e-02]",45.33412962756025,19.347906239091106
1.0,False,0.05,16,0.001,1.0,"[8.52794053e-01 0.00000000e+00 5.02875960e+01 3.52354636e-03
 8.98799036e+01 5.59710203e+01 9.86982867e-01 0.00000000e+00
 5.22717847e+01 3.03508916e-03 8.96998975e+01 5.54859334e+01
 9.89202852e-01]","[3.20107029e+00 0.00000000e+00 4.67669991e+00 1.94717187e-03
 7.57910220e-01 3.65043091e+00 1.42237618e-02 0.00000000e+00
 6.06610777e+00 1.99964616e-03 1.54933594e+00 3.34955400e+00
 1.37260680e-02]",43.36607035600592,19.097806013984815
2.5,True,0.05,64,0.001,1.0,"[9.23696700e-01 0.00000000e+00 4.96456565e+01 3.71291546e-03
 8.98772796e+01 5.58114490e+01 9.86138362e-01 0.00000000e+00
 5.15047046e+01 3.22182925e-03 8.96850463e+01 5.51023934e+01
 9.88448091e-01]","[3.22194292e+00 0.00000000e+00 4.30200882e+00 1.88956537e-03
 7.59579332e-01 3.70918453e+00 1.40684967e-02 0.00000000e+00
 5.66756603e+00 1.97232507e-03 1.58599382e+00 3.15429833e+00
 1.37140320e-02]",43.31328887883211,19.052959613308854
2.5,False,0.05,16,0.005,2.5,"[9.39357411e-01 0.00000000e+00 4.96632291e+01 3.72977952e-03
 8.98769998e+01 5.59168201e+01 9.85649934e-01 0.00000000e+00
 5.16474580e+01 3.19297188e-03 8.96956766e+01 5.51737701e+01
 9.88532142e-01]","[3.44589803e+00 0.00000000e+00 4.43495811e+00 1.93865350e-03
 7.57251439e-01 3.85809068e+00 1.45226480e-02 0.00000000e+00
 5.77134600e+00 1.99599274e-03 1.48832303e+00 3.20504484e+00
 1.37109033e-02]",55.1794806278929,16.446221082744575
1.0,False,0.05,16,0.005,2.5,"[1.40348189e+00 0.00000000e+00 5.02066896e+01 3.55166208e-03
 8.98760007e+01 5.58397106e+01 9.86974807e-01 0.00000000e+00
 5.18898158e+01 3.09669494e-03 8.96698817e+01 5.52949490e+01
 9.89134885e-01]","[3.61342500e+00 0.00000000e+00 4.62958817e+00 1.97275791e-03
 7.59454969e-01 3.51066201e+00 1.42682871e-02 0.00000000e+00
 5.59569204e+00 1.99225383e-03 1.63438560e+00 3.11579189e+00
 1.36762620e-02]",49.00566437577589,19.235259007069683
0.5,True,0.05,8,0.001,0.1,"[8.72293186e-01 0.00000000e+00 4.83181554e+01 4.47323038e-03
 8.98846924e+01 5.51755037e+01 9.79510556e-01 0.00000000e+00
 5.01596922e+01 3.89220811e-03 8.97452990e+01 5.44298872e+01
 9.82983399e-01]","[3.20231652e+00 0.00000000e+00 4.96881886e+00 2.47675762e-03
 7.57157322e-01 3.87781961e+00 2.07503069e-02 0.00000000e+00
 6.24524097e+00 2.50423419e-03 1.33297902e+00 3.43765296e+00
 1.98757427e-02]",44.18355793476681,18.57576722849778
0.5,True,0.05,16,0.005,0.5,"[1.04196949e+00 0.00000000e+00 5.06553900e+01 3.41572002e-03
 8.98837673e+01 5.62025902e+01 9.87603401e-01 0.00000000e+00
 5.28344708e+01 2.89087590e-03 8.97235063e+01 5.57672765e+01
 9.89868792e-01]","[3.22669733e+00 0.00000000e+00 4.84670731e+00 1.97076847e-03
 7.56043201e-01 3.80713915e+00 1.43051176e-02 0.00000000e+00
 6.24545413e+00 1.99985162e-03 1.41545432e+00 3.43743464e+00
 1.36485989e-02]",51.29943090200457,17.844965093670638
0.5,True,0.05,64,0.001,1.0,"[2.02954407e+00 0.00000000e+00 5.11444506e+01 3.16117399e-03
 8.98776001e+01 5.63252987e+01 9.89224164e-01 0.00000000e+00
 5.34421637e+01 2.61238505e-03 8.96641405e+01 5.60711229e+01
 9.92028898e-01]","[4.66298650e+00 0.00000000e+00 4.48065172e+00 1.70724798e-03
 7.59558154e-01 3.48731369e+00 1.14558942e-02 0.00000000e+00
 5.71041347e+00 1.72336886e-03 1.70540839e+00 3.15536032e+00
 1.04450293e-02]",45.15727612133576,19.2552966426135
0.5,True,0.05,64,0.005,0.5,"[9.08711972e-01 0.00000000e+00 5.14530982e+01 3.06619259e-03
 8.98753584e+01 5.64821270e+01 9.90295833e-01 0.00000000e+00
 5.35635965e+01 2.59604766e-03 8.96828639e+01 5.61318393e+01
 9.92146492e-01]","[3.28114812e+00 0.00000000e+00 4.51039388e+00 1.72168803e-03
 7.62180052e-01 3.53503810e+00 1.12901827e-02 0.00000000e+00
 5.85662208e+00 1.73929462e-03 1.58819268e+00 3.21902881e+00
 1.05495971e-02]",56.6692382218557,16.759634551202204
2.5,True,0.05,64,0.001,0.5,"[1.02528565e+00 0.00000000e+00 4.94165319e+01 3.75516395e-03
 8.98765130e+01 5.53934110e+01 9.86356500e-01 0.00000000e+00
 5.14691187e+01 3.17365838e-03 8.96866883e+01 5.50846004e+01
 9.88981459e-01]","[3.23641942e+00 0.00000000e+00 3.97231640e+00 1.80865204e-03
 7.59492258e-01 3.28853806e+00 1.33616362e-02 0.00000000e+00
 5.29842935e+00 1.87758270e-03 1.56985835e+00 2.95812692e+00
 1.28449605e-02]",45.15026225054195,19.15920475769192
0.5,True,0.05,8,0.005,0.1,"[8.75690566e-01 0.00000000e+00 4.83285952e+01 4.47156583e-03
 8.98848245e+01 5.51679021e+01 9.79518036e-01 0.00000000e+00
 5.01611206e+01 3.89246230e-03 8.97447148e+01 5.44306014e+01
 9.82985952e-01]","[3.20747130e+00 0.00000000e+00 4.98216123e+00 2.48232652e-03
 7.56739124e-01 3.86567372e+00 2.07616257e-02 0.00000000e+00
 6.24650802e+00 2.50682953e-03 1.33335229e+00 3.43823716e+00
 1.98891142e-02]",57.14596637578963,16.126082156026158
0.5,False,0.05,16,0.005,1.0,"[9.51004725e-01 0.00000000e+00 5.04083587e+01 3.46610754e-03
 8.98736413e+01 5.58771262e+01 9.87459643e-01 0.00000000e+00
 5.22191310e+01 2.99656076e-03 8.97045911e+01 5.54596066e+01
 9.89579932e-01]","[3.35675219e+00 0.00000000e+00 4.57728515e+00 1.93775539e-03
 7.59202030e-01 3.51381855e+00 1.40955374e-02 0.00000000e+00
 5.69251985e+00 1.95259984e-03 1.44595317e+00 3.15879421e+00
 1.34915800e-02]",45.800444149811405,18.381990446784943
2.5,False,0.05,16,0.001,0.5,"[8.55080104e-01 0.00000000e+00 4.94681185e+01 3.81048290e-03
 8.98774916e+01 5.55734063e+01 9.85113072e-01 0.00000000e+00
 5.13713089e+01 3.27365088e-03 8.97150566e+01 5.50356956e+01
 9.88000106e-01]","[3.38364348e+00 0.00000000e+00 4.39680345e+00 1.98286408e-03
 7.58010902e-01 3.52838125e+00 1.50669637e-02 0.00000000e+00
 5.62456600e+00 2.03796365e-03 1.45389289e+00 3.12810453e+00
 1.45326150e-02]",44.51333095724615,18.672131639764196
0.5,False,0.05,8,0.005,1.0,"[1.12483668e+00 0.00000000e+00 4.81953807e+01 4.50640767e-03
 8.98753341e+01 5.51242993e+01 9.79641220e-01 0.00000000e+00
 4.98130504e+01 3.97628156e-03 8.96663740e+01 5.42565663e+01
 9.82647857e-01]","[3.55100062e+00 0.00000000e+00 4.85143648e+00 2.44554328e-03
 7.63684716e-01 3.86841064e+00 2.03477266e-02 0.00000000e+00
 5.92414830e+00 2.48944713e-03 1.63562634e+00 3.28018329e+00
 1.98431332e-02]",49.57826456277701,17.814091099072535
1.0,True,0.05,8,0.001,0.1,"[8.57410750e-01 0.00000000e+00 4.82275996e+01 4.49036825e-03
 8.98827989e+01 5.52674138e+01 9.79617532e-01 0.00000000e+00
 5.00901298e+01 3.90841666e-03 8.97360707e+01 5.43951060e+01
 9.83033160e-01]","[3.32786600e+00 0.00000000e+00 4.84760030e+00 2.43970939e-03
 7.57351204e-01 4.00164870e+00 2.03178670e-02 0.00000000e+00
 6.18187749e+00 2.50194380e-03 1.36347460e+00 3.41146770e+00
 1.96894897e-02]",44.774976450324885,19.021245893470116
1.0,True,0.05,16,0.005,1.0,"[8.51255547e-01 0.00000000e+00 5.02968252e+01 3.52111930e-03
 8.98799594e+01 5.59923758e+01 9.87006076e-01 0.00000000e+00
 5.22690822e+01 3.03644517e-03 8.97033363e+01 5.54845822e+01
 9.89194893e-01]","[3.19214709e+00 0.00000000e+00 4.68260757e+00 1.94823449e-03
 7.58232922e-01 3.66209774e+00 1.42373104e-02 0.00000000e+00
 6.06975896e+00 1.99889941e-03 1.52325626e+00 3.35056850e+00
 1.37243824e-02]",50.34183851580294,18.259875151740367
1.0,False,0.05,64,0.001,0.5,"[9.04209948e-01 0.00000000e+00 5.04329226e+01 3.42257446e-03
 8.98730861e+01 5.58264417e+01 9.88111652e-01 0.00000000e+00
 5.24700044e+01 2.89028806e-03 8.96797416e+01 5.55850433e+01
 9.90528359e-01]","[3.41799125e+00 0.00000000e+00 4.45988168e+00 1.81227963e-03
 7.61923618e-01 3.40407168e+00 1.25673118e-02 0.00000000e+00
 5.57276052e+00 1.84759383e-03 1.60120011e+00 3.09731240e+00
 1.20298221e-02]",46.42491444520878,18.650079655514787
0.5,False,0.05,64,0.001,0.5,"[9.13307062e-01 0.00000000e+00 5.14580109e+01 3.06831432e-03
 8.98754295e+01 5.64792497e+01 9.90271883e-01 0.00000000e+00
 5.35503202e+01 2.60205321e-03 8.96847177e+01 5.61252012e+01
 9.92100565e-01]","[3.30112612e+00 0.00000000e+00 4.53603151e+00 1.72844970e-03
 7.61690459e-01 3.54455475e+00 1.13041945e-02 0.00000000e+00
 5.86896736e+00 1.74568285e-03 1.58395435e+00 3.22583284e+00
 1.06286951e-02]",45.11461057091249,19.106927091250505
2.5,True,0.05,64,0.005,2.5,"[9.95655669e-01 0.00000000e+00 4.95815737e+01 3.72709804e-03
 8.98774671e+01 5.56757243e+01 9.86179120e-01 0.00000000e+00
 5.14303940e+01 3.22177402e-03 8.96710034e+01 5.50652381e+01
 9.88608293e-01]","[3.40632360e+00 0.00000000e+00 4.25077394e+00 1.85605337e-03
 7.57011176e-01 3.52842408e+00 1.35258212e-02 0.00000000e+00
 5.53251147e+00 1.92202007e-03 1.65804180e+00 3.08420955e+00
 1.30295383e-02]",59.106055307990275,15.251563467594895
1.0,False,0.05,8,0.001,1.0,"[8.92448391e-01 0.00000000e+00 4.82709664e+01 4.49756189e-03
 8.98810033e+01 5.52926320e+01 9.79819010e-01 0.00000000e+00
 5.01210504e+01 3.92396768e-03 8.97131054e+01 5.44105663e+01
 9.83003356e-01]","[3.25723417e+00 0.00000000e+00 4.95384942e+00 2.50415318e-03
 7.57924026e-01 4.06160152e+00 2.06568401e-02 0.00000000e+00
 6.29732022e+00 2.55931113e-03 1.42254799e+00 3.45843716e+00
 2.00501829e-02]",44.30235854614695,18.895225194350278
2.5,True,0.05,16,0.005,0.5,"[8.61366865e-01 0.00000000e+00 4.94449577e+01 3.81395464e-03
 8.98774598e+01 5.55656901e+01 9.85175637e-01 0.00000000e+00
 5.13564874e+01 3.27855321e-03 8.97143586e+01 5.50282848e+01
 9.88000974e-01]","[3.40257822e+00 0.00000000e+00 4.37231831e+00 1.97169489e-03
 7.56901798e-01 3.52820400e+00 1.50472108e-02 0.00000000e+00
 5.63494991e+00 2.03155186e-03 1.45819671e+00 3.13461199e+00
 1.44840836e-02]",51.52337830415326,18.85741032178772
2.5,True,0.05,8,0.001,1.0,"[8.43051242e-01 0.00000000e+00 4.76316437e+01 4.70426794e-03
 8.98815177e+01 5.49685560e+01 9.78523632e-01 0.00000000e+00
 4.95098439e+01 4.08816950e-03 8.97291274e+01 5.41049630e+01
 9.82103464e-01]","[3.24109784e+00 0.00000000e+00 4.47452194e+00 2.35666384e-03
 7.58857171e-01 3.94021464e+00 2.02391154e-02 0.00000000e+00
 5.91742124e+00 2.46013325e-03 1.37358997e+00 3.26589918e+00
 1.98033867e-02]",44.350051195613155,18.78387910904884
0.5,False,0.05,64,0.001,2.5,"[1.07356205e+00 0.00000000e+00 5.11453008e+01 3.15631586e-03
 8.98777894e+01 5.64233678e+01 9.89811408e-01 0.00000000e+00
 5.31659162e+01 2.69786245e-03 8.96747730e+01 5.59329992e+01
 9.91650888e-01]","[3.32759095e+00 0.00000000e+00 4.42851146e+00 1.70593458e-03
 7.59485788e-01 3.58144367e+00 1.12183988e-02 0.00000000e+00
 5.80963603e+00 1.74253814e-03 1.62010469e+00 3.21657296e+00
 1.06355659e-02]",44.54148656721628,18.897786215256495
1.0,True,0.05,16,0.005,0.5,"[9.53370704e-01 0.00000000e+00 5.06069628e+01 3.41703621e-03
 8.98770637e+01 5.61163210e+01 9.87736169e-01 0.00000000e+00
 5.25330400e+01 2.94329729e-03 8.97061762e+01 5.56165611e+01
 9.89790112e-01]","[3.28843252e+00 0.00000000e+00 4.74640071e+00 1.95296449e-03
 7.58898978e-01 3.69702925e+00 1.41036974e-02 0.00000000e+00
 5.99478577e+00 1.97531036e-03 1.44078384e+00 3.31343299e+00
 1.34964817e-02]",46.1283931519258,18.030679849130088
0.5,False,0.05,64,0.001,0.1,"[8.20120964e-01 0.00000000e+00 5.11258786e+01 3.18200769e-03
 8.98683142e+01 5.62208968e+01 9.89307282e-01 0.00000000e+00
 5.31970264e+01 2.69851809e-03 8.96690979e+01 5.59485543e+01
 9.91595668e-01]","[3.34686950e+00 0.00000000e+00 4.56779873e+00 1.73885888e-03
 7.68129791e-01 3.52646526e+00 1.15640589e-02 0.00000000e+00
 5.83624775e+00 1.77437575e-03 1.58521429e+00 3.22842987e+00
 1.10168154e-02]",44.29947797877434,19.246097579518164
0.5,True,0.05,8,0.001,2.5,"[8.76151867e-01 0.00000000e+00 4.80105888e+01 4.60691894e-03
 8.98841469e+01 5.52918277e+01 9.78868869e-01 0.00000000e+00
 4.98485297e+01 4.03217795e-03 8.97356802e+01 5.42743059e+01
 9.82249108e-01]","[3.27838744e+00 0.00000000e+00 4.89132677e+00 2.50203859e-03
 7.54826852e-01 4.15371544e+00 2.10335681e-02 0.00000000e+00
 6.29272205e+00 2.57919478e-03 1.33928868e+00 3.46166258e+00
 2.05029077e-02]",43.83122737596574,19.077916368654815
2.5,False,0.05,8,0.001,2.5,"[9.00691576e-01 0.00000000e+00 4.80323548e+01 4.56448777e-03
 8.98794790e+01 5.51731699e+01 9.79294909e-01 0.00000000e+00
 4.99025337e+01 3.96331630e-03 8.97201549e+01 5.43013079e+01
 9.82739111e-01]","[3.23829940e+00 0.00000000e+00 4.74545670e+00 2.42608538e-03
 7.62097266e-01 3.94847761e+00 2.04069324e-02 0.00000000e+00
 6.06431795e+00 2.49305684e-03 1.39477729e+00 3.34685344e+00
 1.97524740e-02]",43.696400353563995,18.894534229301
0.5,False,0.05,64,0.005,0.1,"[8.18903418e-01 0.00000000e+00 5.11386414e+01 3.17866968e-03
 8.98688694e+01 5.62294225e+01 9.89312583e-01 0.00000000e+00
 5.32041507e+01 2.69479926e-03 8.96717239e+01 5.59521164e+01
 9.91617337e-01]","[3.34639494e+00 0.00000000e+00 4.57263161e+00 1.74126641e-03
 7.68320115e-01 3.53419631e+00 1.15847026e-02 0.00000000e+00
 5.81584139e+00 1.77625445e-03 1.56560456e+00 3.21971352e+00
 1.10168095e-02]",51.796072174928035,17.987039538795734
0.5,True,0.05,16,0.005,2.5,"[8.70171529e-01 0.00000000e+00 5.03315475e+01 3.51008575e-03
 8.98684765e+01 5.58655273e+01 9.87408462e-01 0.00000000e+00
 5.25190981e+01 2.94745925e-03 8.96682594e+01 5.56095901e+01
 9.89848971e-01]","[3.42324013e+00 0.00000000e+00 4.66545612e+00 1.97562588e-03
 7.71045866e-01 3.61945685e+00 1.42426570e-02 0.00000000e+00
 5.94369346e+00 2.00511424e-03 1.60549921e+00 3.28372212e+00
 1.36336661e-02]",46.89039298899497,18.725328423470273
0.5,True,0.05,64,0.001,0.1,"[8.23791937e-01 0.00000000e+00 5.11326538e+01 3.18033006e-03
 8.98686310e+01 5.62353541e+01 9.89319881e-01 0.00000000e+00
 5.32117738e+01 2.69649737e-03 8.96709003e+01 5.59559280e+01
 9.91591427e-01]","[3.36234882e+00 0.00000000e+00 4.56352266e+00 1.74422525e-03
 7.68052972e-01 3.53703148e+00 1.16079968e-02 0.00000000e+00
 5.84376549e+00 1.78128302e-03 1.56237488e+00 3.23229098e+00
 1.10701299e-02]",44.55609680944568,19.29419334490577
0.5,False,0.05,8,0.001,1.0,"[1.12573354e+00 0.00000000e+00 4.81883743e+01 4.50786241e-03
 8.98755432e+01 5.51183257e+01 9.79660591e-01 0.00000000e+00
 4.98066883e+01 3.97731623e-03 8.96687116e+01 5.42533852e+01
 9.82659355e-01]","[3.54819139e+00 0.00000000e+00 4.84019462e+00 2.44509499e-03
 7.62742959e-01 3.86604290e+00 2.03433190e-02 0.00000000e+00
 5.91267821e+00 2.48991630e-03 1.61917747e+00 3.27412525e+00
 1.98480683e-02]",43.76201065806678,19.48874283755679
1.0,True,0.05,64,0.001,0.5,"[9.13317472e-01 0.00000000e+00 5.04611635e+01 3.40925365e-03
 8.98729257e+01 5.58381571e+01 9.88180985e-01 0.00000000e+00
 5.25214147e+01 2.87669572e-03 8.96809483e+01 5.56107484e+01
 9.90586346e-01]","[3.42509974e+00 0.00000000e+00 4.43469651e+00 1.80849743e-03
 7.62287304e-01 3.40505871e+00 1.25323266e-02 0.00000000e+00
 5.59017416e+00 1.84490335e-03 1.58527152e+00 3.10716003e+00
 1.20027145e-02]",45.147138648687886,18.761016100306406
1.0,False,0.05,8,0.005,1.0,"[8.83820242e-01 0.00000000e+00 4.82858353e+01 4.49330288e-03
 8.98806888e+01 5.52973615e+01 9.79843695e-01 0.00000000e+00
 5.01364801e+01 3.92031758e-03 8.97082061e+01 5.44182812e+01
 9.83019765e-01]","[3.24036170e+00 0.00000000e+00 4.96871094e+00 2.50730789e-03
 7.58424802e-01 4.06414124e+00 2.06875140e-02 0.00000000e+00
 6.30981672e+00 2.56137742e-03 1.45200496e+00 3.46507419e+00
 2.00635811e-02]",58.2868582998153,16.710403035013375
0.5,False,0.05,8,0.005,0.5,"[1.02606111e+00 0.00000000e+00 4.82758755e+01 4.49428808e-03
 8.98809677e+01 5.51827355e+01 9.79531342e-01 0.00000000e+00
 5.01917165e+01 3.90287582e-03 8.96905543e+01 5.44458994e+01
 9.82973810e-01]","[3.37994557e+00 0.00000000e+00 4.99087864e+00 2.46570125e-03
 7.57489404e-01 3.95145111e+00 2.05040653e-02 0.00000000e+00
 6.36525848e+00 2.53322200e-03 1.58201462e+00 3.50011600e+00
 1.98592129e-02]",56.358890403205415,15.629056901239471
2.5,True,0.05,8,0.005,0.1,"[8.56909151e-01 0.00000000e+00 4.78925380e+01 4.59911237e-03
 8.98778517e+01 5.49909407e+01 9.79077303e-01 0.00000000e+00
 4.97084657e+01 3.99021779e-03 8.97199100e+01 5.42042740e+01
 9.82657926e-01]","[3.39946699e+00 0.00000000e+00 4.56012808e+00 2.40304430e-03
 7.57507647e-01 3.77738515e+00 2.04659942e-02 0.00000000e+00
 5.77179039e+00 2.46418410e-03 1.41571140e+00 3.19624587e+00
 1.98415428e-02]",57.27580341744388,16.308457132305783
2.5,False,0.05,8,0.005,0.1,"[8.48994609e-01 0.00000000e+00 4.78758522e+01 4.60472807e-03
 8.98777741e+01 5.49838432e+01 9.79043852e-01 0.00000000e+00
 4.96801589e+01 3.99644926e-03 8.97207176e+01 5.41901206e+01
 9.82646116e-01]","[3.38118205e+00 0.00000000e+00 4.55199197e+00 2.39723854e-03
 7.57323729e-01 3.77716421e+00 2.04383937e-02 0.00000000e+00
 5.75595705e+00 2.45549003e-03 1.40048984e+00 3.18865465e+00
 1.98282746e-02]",56.77476516148841,16.694046360369516
1.0,False,0.05,64,0.005,0.1,"[9.56439492e-01 0.00000000e+00 5.07671343e+01 3.27664426e-03
 8.98773354e+01 5.61410182e+01 9.89220385e-01 0.00000000e+00
 5.27790960e+01 2.79177272e-03 8.96782815e+01 5.57395891e+01
 9.91118239e-01]","[3.30506248e+00 0.00000000e+00 4.31574955e+00 1.74088929e-03
 7.58147946e-01 3.43962350e+00 1.18556033e-02 0.00000000e+00
 5.61177248e+00 1.78252876e-03 1.64827350e+00 3.11320044e+00
 1.13173829e-02]",52.28780054966442,16.64955531539509
2.5,False,0.05,8,0.001,1.0,"[8.64138511e-01 0.00000000e+00 4.76348349e+01 4.70039510e-03
 8.98816440e+01 5.49944056e+01 9.78538608e-01 0.00000000e+00
 4.95278581e+01 4.07978948e-03 8.97294638e+01 5.41139701e+01
 9.82135791e-01]","[3.30108375e+00 0.00000000e+00 4.46508869e+00 2.35259383e-03
 7.58485949e-01 3.95414658e+00 2.02514923e-02 0.00000000e+00
 5.91192592e+00 2.46002256e-03 1.37222337e+00 3.26318971e+00
 1.98277698e-02]",44.27958031935502,18.810614385033613
1.0,False,0.05,16,0.005,1.0,"[8.71852477e-01 0.00000000e+00 5.02878364e+01 3.52486423e-03
 8.98800000e+01 5.59731580e+01 9.86997920e-01 0.00000000e+00
 5.22744126e+01 3.03879143e-03 8.96984088e+01 5.54872474e+01
 9.89181134e-01]","[3.26644995e+00 0.00000000e+00 4.69329350e+00 1.94608635e-03
 7.57433864e-01 3.66312425e+00 1.42153987e-02 0.00000000e+00
 6.10439635e+00 2.00043737e-03 1.56497463e+00 3.36775979e+00
 1.37222044e-02]",51.20774641814262,18.48908387037579
1.0,True,0.05,16,0.005,0.1,"[8.83447191e-01 0.00000000e+00 5.03728353e+01 3.47045396e-03
 8.98810698e+01 5.61059134e+01 9.87472304e-01 0.00000000e+00
 5.22004241e+01 3.01438736e-03 8.97131290e+01 5.54502532e+01
 9.89549631e-01]","[3.36822011e+00 0.00000000e+00 4.55245831e+00 1.90982933e-03
 7.57059805e-01 3.72947360e+00 1.38959068e-02 0.00000000e+00
 5.83698722e+00 1.94093402e-03 1.47037321e+00 3.23479026e+00
 1.34192416e-02]",49.53134690920198,18.06481621818821
2.5,True,0.05,64,0.001,0.1,"[8.76775050e-01 0.00000000e+00 4.95586724e+01 3.73141676e-03
 8.98799559e+01 5.56500712e+01 9.85949071e-01 0.00000000e+00
 5.15428974e+01 3.20351761e-03 8.97130708e+01 5.51214898e+01
 9.88490394e-01]","[3.16683804e+00 0.00000000e+00 4.21362826e+00 1.85868251e-03
 7.56851545e-01 3.47799792e+00 1.39732091e-02 0.00000000e+00
 5.65288696e+00 1.95032553e-03 1.49568164e+00 3.14349772e+00
 1.36224445e-02]",44.61510412624515,18.856556505709055
0.5,True,0.05,16,0.005,1.0,"[9.52628332e-01 0.00000000e+00 5.03983149e+01 3.46858152e-03
 8.98734494e+01 5.58785512e+01 9.87463004e-01 0.00000000e+00
 5.22200677e+01 2.99576786e-03 8.97028558e+01 5.54600749e+01
 9.89595482e-01]","[3.37001890e+00 0.00000000e+00 4.57441919e+00 1.93309905e-03
 7.59942944e-01 3.51407224e+00 1.40393488e-02 0.00000000e+00
 5.69236679e+00 1.94956302e-03 1.45252798e+00 3.15852945e+00
 1.34411051e-02]",46.46133087612604,18.84794684897508
1.0,True,0.05,64,0.005,0.1,"[9.30231806e-01 0.00000000e+00 5.07654047e+01 3.27648398e-03
 8.98773158e+01 5.61631704e+01 9.89213590e-01 0.00000000e+00
 5.27970106e+01 2.79016050e-03 8.96805132e+01 5.57485464e+01
 9.91137543e-01]","[3.26664745e+00 0.00000000e+00 4.30483161e+00 1.74309555e-03
 7.58864977e-01 3.45410264e+00 1.19203530e-02 0.00000000e+00
 5.64009294e+00 1.78667305e-03 1.61396783e+00 3.12689719e+00
 1.13669853e-02]",51.8166239904684,16.55801045209249
2.5,True,0.05,8,0.001,0.1,"[8.58731250e-01 0.00000000e+00 4.79037650e+01 4.59895238e-03
 8.98771096e+01 5.49919463e+01 9.79069294e-01 0.00000000e+00
 4.96947153e+01 3.99374683e-03 8.97212941e+01 5.41973987e+01
 9.82651855e-01]","[3.38922918e+00 0.00000000e+00 4.58370238e+00 2.40978281e-03
 7.58929483e-01 3.77897509e+00 2.04821518e-02 0.00000000e+00
 5.75451967e+00 2.46278061e-03 1.41641152e+00 3.18814931e+00
 1.98134842e-02]",44.85554068811229,18.770841983669193
2.5,True,0.05,16,0.005,1.0,"[1.02179801e+00 0.00000000e+00 4.97378831e+01 3.71623453e-03
 8.98740230e+01 5.56967573e+01 9.85989667e-01 0.00000000e+00
 5.16545432e+01 3.21073239e-03 8.96743938e+01 5.51773127e+01
 9.88404532e-01]","[3.37751131e+00 0.00000000e+00 4.48499538e+00 2.00536510e-03
 7.64435432e-01 3.62677563e+00 1.50316060e-02 0.00000000e+00
 5.83304130e+00 2.06264959e-03 1.62885546e+00 3.22821675e+00
 1.43782302e-02]",59.901929185469605,16.052919447377665
2.5,True,0.05,8,0.005,2.5,"[9.24184189e-01 0.00000000e+00 4.80302579e+01 4.56489236e-03
 8.98805466e+01 5.51695758e+01 9.79284982e-01 0.00000000e+00
 4.98955636e+01 3.96418739e-03 8.97126749e+01 5.42978229e+01
 9.82734007e-01]","[3.29370122e+00 0.00000000e+00 4.74528953e+00 2.42308609e-03
 7.59920264e-01 3.94818472e+00 2.03712943e-02 0.00000000e+00
 6.05003874e+00 2.49101190e-03 1.44012810e+00 3.33943126e+00
 1.97133545e-02]",55.21241261110734,15.894312208153071
2.5,False,0.05,64,0.001,0.1,"[8.79531739e-01 0.00000000e+00 4.95390739e+01 3.73648874e-03
 8.98793439e+01 5.56479321e+01 9.85967938e-01 0.00000000e+00
 5.15155206e+01 3.21002967e-03 8.97221781e+01 5.51078014e+01
 9.88477431e-01]","[3.14175878e+00 0.00000000e+00 4.18806745e+00 1.85529832e-03
 7.58035080e-01 3.49510914e+00 1.39274317e-02 0.00000000e+00
 5.62952777e+00 1.94880006e-03 1.43454170e+00 3.12978303e+00
 1.36000802e-02]",44.99583292929567,18.457237944495045
1.0,False,0.05,8,0.001,0.5,"[8.79661315e-01 0.00000000e+00 4.81259326e+01 4.54466889e-03
 8.98841711e+01 5.52510484e+01 9.79012074e-01 0.00000000e+00
 4.99366007e+01 3.97764520e-03 8.97465831e+01 5.43183415e+01
 9.82468347e-01]","[3.42416247e+00 0.00000000e+00 4.88079724e+00 2.44960904e-03
 7.53855470e-01 4.03087635e+00 2.06132344e-02 0.00000000e+00
 6.23035598e+00 2.51566993e-03 1.31657262e+00 3.43298139e+00
 2.00833289e-02]",45.191960581917826,19.4758281182058
1.0,False,0.05,64,0.001,0.1,"[9.56691249e-01 0.00000000e+00 5.07374658e+01 3.28607280e-03
 8.98771963e+01 5.61147326e+01 9.89148254e-01 0.00000000e+00
 5.27555754e+01 2.79736493e-03 8.96836138e+01 5.57278288e+01
 9.91090359e-01]","[3.34616780e+00 0.00000000e+00 4.31053074e+00 1.73990641e-03
 7.58252627e-01 3.42464996e+00 1.18966394e-02 0.00000000e+00
 5.60142001e+00 1.78178893e-03 1.60476437e+00 3.10721234e+00
 1.13412108e-02]",44.972691193121385,19.277667852578283
2.5,False,0.05,8,0.001,0.1,"[8.58836212e-01 0.00000000e+00 4.79062907e+01 4.59520949e-03
 8.98778054e+01 5.49894158e+01 9.79100293e-01 0.00000000e+00
 4.97076433e+01 3.99074595e-03 8.97185754e+01 5.42038627e+01
 9.82664643e-01]","[3.40965489e+00 0.00000000e+00 4.57998078e+00 2.40313834e-03
 7.57472955e-01 3.77468118e+00 2.04210839e-02 0.00000000e+00
 5.78185003e+00 2.46125643e-03 1.42438457e+00 3.20200180e+00
 1.97868069e-02]",44.6276610817248,18.8655378113544
1.0,False,0.05,8,0.001,2.5,"[1.01390204e+00 0.00000000e+00 4.80866206e+01 4.53695248e-03
 8.98810911e+01 5.51053286e+01 9.79555379e-01 0.00000000e+00
 5.00419244e+01 3.92863584e-03 8.97041010e+01 5.43710033e+01
 9.82965278e-01]","[3.32388973e+00 0.00000000e+00 4.74909311e+00 2.41938002e-03
 7.54694172e-01 3.93725843e+00 2.01006353e-02 0.00000000e+00
 6.20541745e+00 2.50091525e-03 1.47823955e+00 3.41541115e+00
 1.94707699e-02]",44.06838316130942,18.31943137110682
0.5,True,0.05,16,0.001,0.5,"[1.05261824e+00 0.00000000e+00 5.06730469e+01 3.41014934e-03
 8.98837161e+01 5.62153213e+01 9.87637668e-01 0.00000000e+00
 5.28418791e+01 2.88746813e-03 8.97233768e+01 5.57709806e+01
 9.89897104e-01]","[3.28135373e+00 0.00000000e+00 4.85530104e+00 1.96935128e-03
 7.56004104e-01 3.80670155e+00 1.42761393e-02 0.00000000e+00
 6.23982671e+00 1.99598247e-03 1.41752851e+00 3.43364756e+00
 1.36059200e-02]",43.2906535001405,18.47426556311819
2.5,False,0.05,8,0.005,2.5,"[9.14820340e-01 0.00000000e+00 4.80213744e+01 4.56704897e-03
 8.98796519e+01 5.51750134e+01 9.79277628e-01 0.00000000e+00
 4.98744699e+01 3.96765193e-03 8.97113660e+01 5.42872761e+01
 9.82717800e-01]","[3.31632560e+00 0.00000000e+00 4.73161405e+00 2.42207518e-03
 7.62508989e-01 3.94723949e+00 2.03727874e-02 0.00000000e+00
 6.01085917e+00 2.49254389e-03 1.43543622e+00 3.32068027e+00
 1.97545980e-02]",54.895782473593016,16.70881486068795
2.5,False,0.05,16,0.001,2.5,"[9.47705163e-01 0.00000000e+00 4.97135678e+01 3.71548144e-03
 8.98771910e+01 5.59280993e+01 9.85728640e-01 0.00000000e+00
 5.16971034e+01 3.17933080e-03 8.96933651e+01 5.51985928e+01
 9.88594751e-01]","[3.47224863e+00 0.00000000e+00 4.47316821e+00 1.94386563e-03
 7.57055870e-01 3.85868908e+00 1.45559319e-02 0.00000000e+00
 5.80107146e+00 1.99221948e-03 1.50190918e+00 3.22037348e+00
 1.37258385e-02]",44.45079623452645,18.909818403979877
2.5,True,0.05,16,0.005,2.5,"[9.34878916e-01 0.00000000e+00 4.96673095e+01 3.72451882e-03
 8.98768685e+01 5.59192934e+01 9.85667550e-01 0.00000000e+00
 5.16527047e+01 3.18965333e-03 8.96936226e+01 5.51763934e+01
 9.88535725e-01]","[3.47305948e+00 0.00000000e+00 4.40352386e+00 1.94315103e-03
 7.57835651e-01 3.84678524e+00 1.46480209e-02 0.00000000e+00
 5.76573413e+00 1.99918738e-03 1.49520417e+00 3.20038630e+00
 1.38270227e-02]",55.487523759868154,16.709858291929898
0.5,True,0.05,64,0.005,2.5,"[1.07549433e+00 0.00000000e+00 5.11336061e+01 3.15824820e-03
 8.98773934e+01 5.64251505e+01 9.89799540e-01 0.00000000e+00
 5.31542919e+01 2.70009852e-03 8.96745912e+01 5.59271871e+01
 9.91646656e-01]","[3.30414181e+00 0.00000000e+00 4.40908504e+00 1.70605907e-03
 7.60162006e-01 3.59255921e+00 1.12710902e-02 0.00000000e+00
 5.81080369e+00 1.74102682e-03 1.61988118e+00 3.21572149e+00
 1.06724366e-02]",49.90501036323352,17.973796481372517
0.5,False,0.05,8,0.005,0.1,"[8.73867045e-01 0.00000000e+00 4.83249007e+01 4.47138589e-03
 8.98848295e+01 5.51767526e+01 9.79525487e-01 0.00000000e+00
 5.01581715e+01 3.89281457e-03 8.97447966e+01 5.44291268e+01
 9.82988908e-01]","[3.20387589e+00 0.00000000e+00 4.97535505e+00 2.47824866e-03
 7.57229677e-01 3.87835721e+00 2.07355098e-02 0.00000000e+00
 6.24869808e+00 2.50347947e-03 1.33317296e+00 3.43946668e+00
 1.98555804e-02]",56.54449415245162,15.935504328959796
1.0,True,0.05,16,0.001,0.5,"[9.50883962e-01 0.00000000e+00 5.05634359e+01 3.42465070e-03
 8.98767935e+01 5.61085648e+01 9.87707184e-01 0.00000000e+00
 5.24911755e+01 2.94817183e-03 8.97038573e+01 5.55956288e+01
 9.89783145e-01]","[3.26749453e+00 0.00000000e+00 4.69058565e+00 1.94491883e-03
 7.58608772e-01 3.68281831e+00 1.40602403e-02 0.00000000e+00
 5.94229875e+00 1.96809211e-03 1.45232374e+00 3.28733722e+00
 1.34366377e-02]",43.61023318829957,19.09504121557671
1.0,False,0.05,8,0.005,0.5,"[8.82592903e-01 0.00000000e+00 4.81378260e+01 4.53983222e-03
 8.98840368e+01 5.52464057e+01 9.79041061e-01 0.00000000e+00
 4.99535138e+01 3.97224596e-03 8.97452441e+01 5.43267980e+01
 9.82478533e-01]","[3.44389744e+00 0.00000000e+00 4.88210410e+00 2.45247736e-03
 7.54698533e-01 4.02539800e+00 2.06434311e-02 0.00000000e+00
 6.22963120e+00 2.52049694e-03 1.31951735e+00 3.43146177e+00
 2.01534030e-02]",52.895441860878165,16.85548628327076
2.5,False,0.05,64,0.005,0.5,"[1.04979886e+00 0.00000000e+00 4.93980680e+01 3.75820524e-03
 8.98762409e+01 5.53729559e+01 9.86335310e-01 0.00000000e+00
 5.14819007e+01 3.17237992e-03 8.96827122e+01 5.50909914e+01
 9.88948767e-01]","[3.32725059e+00 0.00000000e+00 3.94429058e+00 1.80120915e-03
 7.60914092e-01 3.25661073e+00 1.33214072e-02 0.00000000e+00
 5.31278084e+00 1.88323036e-03 1.59419802e+00 2.96387251e+00
 1.28712264e-02]",53.163976166220344,16.90420256374606
2.5,True,0.05,8,0.005,0.5,"[8.58378755e-01 0.00000000e+00 4.79104710e+01 4.60389042e-03
 8.98850034e+01 5.52369608e+01 9.78911276e-01 0.00000000e+00
 4.97473029e+01 4.02982966e-03 8.97412677e+01 5.42236925e+01
 9.82310327e-01]","[3.44200242e+00 0.00000000e+00 4.66447198e+00 2.39911756e-03
 7.54464040e-01 4.08664368e+00 2.03379361e-02 0.00000000e+00
 6.09389540e+00 2.50435297e-03 1.35373209e+00 3.36544238e+00
 1.99067887e-02]",56.15790589973217,17.127448678032952
1.0,True,0.05,8,0.005,0.1,"[8.62598212e-01 0.00000000e+00 4.82364177e+01 4.48604907e-03
 8.98826396e+01 5.52678007e+01 9.79631709e-01 0.00000000e+00
 5.00806904e+01 3.90932341e-03 8.97367498e+01 5.43903863e+01
 9.83038707e-01]","[3.33901755e+00 0.00000000e+00 4.84123871e+00 2.44202227e-03
 7.56786761e-01 3.99954796e+00 2.03725811e-02 0.00000000e+00
 6.16205034e+00 2.50115388e-03 1.36762265e+00 3.40202925e+00
 1.96996243e-02]",52.11659752975061,18.46006086318303
2.5,True,0.05,64,0.005,1.0,"[9.13131098e-01 0.00000000e+00 4.96128328e+01 3.72296955e-03
 8.98774564e+01 5.58006427e+01 9.86101948e-01 0.00000000e+00
 5.14649530e+01 3.23223291e-03 8.96789674e+01 5.50825176e+01
 9.88409262e-01]","[3.27315659e+00 0.00000000e+00 4.28466772e+00 1.88246474e-03
 7.59244244e-01 3.71312585e+00 1.39936977e-02 0.00000000e+00
 5.64874743e+00 1.96496164e-03 1.61375851e+00 3.14827129e+00
 1.36158877e-02]",49.33047313222162,18.263948123678862
0.5,True,0.05,8,0.005,0.5,"[1.02369288e+00 0.00000000e+00 4.82725268e+01 4.49551189e-03
 8.98811055e+01 5.51803645e+01 9.79535506e-01 0.00000000e+00
 5.01832782e+01 3.90465934e-03 8.96911369e+01 5.44416802e+01
 9.82963469e-01]","[3.38298896e+00 0.00000000e+00 4.99096054e+00 2.46468217e-03
 7.57133083e-01 3.94608633e+00 2.04844635e-02 0.00000000e+00
 6.35447629e+00 2.53307584e-03 1.57940131e+00 3.49495122e+00
 1.98616088e-02]",56.849797325314064,15.74841552263758
1.0,True,0.05,16,0.001,2.5,"[1.43143574e+00 0.00000000e+00 5.01771416e+01 3.55807671e-03
 8.98761486e+01 5.58189152e+01 9.86958823e-01 0.00000000e+00
 5.18774679e+01 3.10102068e-03 8.96674097e+01 5.52887750e+01
 9.89120899e-01]","[3.62218597e+00 0.00000000e+00 4.60133833e+00 1.96867261e-03
 7.59647273e-01 3.49698409e+00 1.42860608e-02 0.00000000e+00
 5.60609485e+00 1.99355216e-03 1.63796451e+00 3.12111436e+00
 1.37114671e-02]",43.92433297122535,19.085532212978645
2.5,False,0.05,8,0.001,0.5,"[8.51539095e-01 0.00000000e+00 4.79016014e+01 4.60860249e-03
 8.98847338e+01 5.52148084e+01 9.78890959e-01 0.00000000e+00
 4.97311926e+01 4.03327204e-03 8.97368268e+01 5.42156374e+01
 9.82321905e-01]","[3.41288052e+00 0.00000000e+00 4.66969412e+00 2.39931887e-03
 7.54930679e-01 4.08159826e+00 2.03349274e-02 0.00000000e+00
 6.08556620e+00 2.49909793e-03 1.36367369e+00 3.36079332e+00
 1.98319115e-02]",44.20920884876975,18.34317941916624
0.5,True,0.05,8,0.001,1.0,"[1.13427253e+00 0.00000000e+00 4.82032155e+01 4.50348274e-03
 8.98752169e+01 5.51247926e+01 9.79668403e-01 0.00000000e+00
 4.98298074e+01 3.97220703e-03 8.96671629e+01 5.42649448e+01
 9.82670767e-01]","[3.56230325e+00 0.00000000e+00 4.85545562e+00 2.44550525e-03
 7.63393780e-01 3.87090938e+00 2.03401984e-02 0.00000000e+00
 5.93630240e+00 2.49018195e-03 1.62034194e+00 3.28618501e+00
 1.98247539e-02]",44.29982303094769,19.226499220816248
1.0,False,0.05,64,0.005,2.5,"[8.84076694e-01 0.00000000e+00 5.06050725e+01 3.33353507e-03
 8.98731428e+01 5.61902786e+01 9.88677045e-01 0.00000000e+00
 5.24591312e+01 2.87583177e-03 8.96942689e+01 5.55796067e+01
 9.90716929e-01]","[3.31432965e+00 0.00000000e+00 4.30459033e+00 1.74645130e-03
 7.61207004e-01 3.57657298e+00 1.20933598e-02 0.00000000e+00
 5.53670205e+00 1.78400602e-03 1.49818280e+00 3.07390867e+00
 1.15232330e-02]",47.7673427364078,17.88579998805084
0.5,True,0.05,16,0.001,0.1,"[1.00364795e+00 0.00000000e+00 5.04546399e+01 3.45758346e-03
 8.98683576e+01 5.59118586e+01 9.87540174e-01 0.00000000e+00
 5.26359278e+01 2.90816370e-03 8.96313591e+01 5.56680050e+01
 9.89972577e-01]","[3.32438520e+00 0.00000000e+00 4.61851924e+00 1.96440395e-03
 7.70088713e-01 3.57820563e+00 1.43263660e-02 0.00000000e+00
 5.92336264e+00 1.99770691e-03 1.80365299e+00 3.27137075e+00
 1.36854325e-02]",43.97751312417422,18.840281094626473
2.5,True,0.05,16,0.001,2.5,"[9.34143260e-01 0.00000000e+00 4.96864516e+01 3.72283248e-03
 8.98773604e+01 5.59306295e+01 9.85664006e-01 0.00000000e+00
 5.16779846e+01 3.18377755e-03 8.96916221e+01 5.51890334e+01
 9.88578852e-01]","[3.45368159e+00 0.00000000e+00 4.44814181e+00 1.94518625e-03
 7.57060249e-01 3.85775164e+00 1.46291815e-02 0.00000000e+00
 5.77875188e+00 1.99904491e-03 1.52755971e+00 3.20705526e+00
 1.38219036e-02]",43.08810913652898,17.98425700660423
2.5,False,0.05,64,0.005,0.1,"[8.83258884e-01 0.00000000e+00 4.95558564e+01 3.73277745e-03
 8.98801578e+01 5.56482962e+01 9.85933675e-01 0.00000000e+00
 5.15376784e+01 3.20739549e-03 8.97159241e+01 5.51188803e+01
 9.88487095e-01]","[3.13653825e+00 0.00000000e+00 4.22035009e+00 1.85368750e-03
 7.55518830e-01 3.49618558e+00 1.39454893e-02 0.00000000e+00
 5.66997451e+00 1.95283898e-03 1.47632507e+00 3.14936861e+00
 1.36727903e-02]",55.918739591020795,16.614159802746567
1.0,False,0.05,8,0.005,0.1,"[8.55405138e-01 0.00000000e+00 4.82217273e+01 4.48957896e-03
 8.98827731e+01 5.52614879e+01 9.79629971e-01 0.00000000e+00
 5.00762113e+01 3.90865070e-03 8.97351292e+01 5.43881467e+01
 9.83045803e-01]","[3.32456697e+00 0.00000000e+00 4.82324972e+00 2.43765026e-03
 7.56102592e-01 3.98999569e+00 2.03289984e-02 0.00000000e+00
 6.14682838e+00 2.49884206e-03 1.36929366e+00 3.39410085e+00
 1.96729711e-02]",51.23188627529869,17.854538002478606
0.5,False,0.05,64,0.005,2.5,"[1.08414622e+00 0.00000000e+00 5.11280136e+01 3.16255947e-03
 8.98776798e+01 5.64163859e+01 9.89778469e-01 0.00000000e+00
 5.31395565e+01 2.70374481e-03 8.96758639e+01 5.59198194e+01
 9.91623243e-01]","[3.36243903e+00 0.00000000e+00 4.42627147e+00 1.70791862e-03
 7.59661873e-01 3.58437309e+00 1.12435979e-02 0.00000000e+00
 5.79450686e+00 1.74272546e-03 1.61494319e+00 3.20878311e+00
 1.06447193e-02]",49.92643314988452,19.03931381403281
0.5,False,0.05,16,0.005,0.5,"[1.04794375e+00 0.00000000e+00 5.06617454e+01 3.41531081e-03
 8.98838958e+01 5.62032168e+01 9.87609184e-01 0.00000000e+00
 5.28584000e+01 2.88732611e-03 8.97244116e+01 5.57792411e+01
 9.89891833e-01]","[3.26725032e+00 0.00000000e+00 4.86460629e+00 1.96969310e-03
 7.55774393e-01 3.80922267e+00 1.42713783e-02 0.00000000e+00
 6.27768005e+00 1.99788968e-03 1.41132732e+00 3.45387370e+00
 1.35963266e-02]",51.70669052874296,18.14546819589863
1.0,False,0.05,16,0.005,0.5,"[9.53021106e-01 0.00000000e+00 5.05657814e+01 3.42496693e-03
 8.98769806e+01 5.61147770e+01 9.87707291e-01 0.00000000e+00
 5.25010181e+01 2.94714255e-03 8.97056786e+01 5.56005501e+01
 9.89780364e-01]","[3.27902656e+00 0.00000000e+00 4.68985047e+00 1.94944311e-03
 7.59303487e-01 3.68374931e+00 1.40915915e-02 0.00000000e+00
 5.94909085e+00 1.97336801e-03 1.44885294e+00 3.29055676e+00
 1.34696791e-02]",46.802245918725696,18.20082162375925
2.5,False,0.05,16,0.005,0.1,"[9.61768144e-01 0.00000000e+00 4.96965661e+01 3.70570647e-03
 8.98748830e+01 5.57189595e+01 9.86164770e-01 0.00000000e+00
 5.17191200e+01 3.17293035e-03 8.97035647e+01 5.52096011e+01
 9.88679489e-01]","[3.15950715e+00 0.00000000e+00 4.30944129e+00 1.96310931e-03
 7.62164433e-01 3.53242435e+00 1.46576547e-02 0.00000000e+00
 5.75040840e+00 2.03390865e-03 1.45162108e+00 3.18206652e+00
 1.42331793e-02]",47.88382154449342,18.6411524041681
0.5,False,0.05,16,0.001,2.5,"[8.65041150e-01 0.00000000e+00 5.03385029e+01 3.50949970e-03
 8.98686186e+01 5.58720103e+01 9.87400260e-01 0.00000000e+00
 5.25371097e+01 2.94463549e-03 8.96651758e+01 5.56185959e+01
 9.89850220e-01]","[3.40451874e+00 0.00000000e+00 4.68225335e+00 1.97685941e-03
 7.70574128e-01 3.62454983e+00 1.42696628e-02 0.00000000e+00
 5.96341764e+00 2.00667531e-03 1.62490383e+00 3.29463295e+00
 1.36405944e-02]",43.59481284847391,18.76136074744218
2.5,False,0.05,8,0.005,1.0,"[8.44367583e-01 0.00000000e+00 4.76553243e+01 4.69446030e-03
 8.98813891e+01 5.49992272e+01 9.78574782e-01 0.00000000e+00
 4.95457540e+01 4.07874829e-03 8.97284901e+01 5.41229181e+01
 9.82157003e-01]","[3.26182382e+00 0.00000000e+00 4.48695793e+00 2.35787276e-03
 7.59069431e-01 3.95896237e+00 2.02668355e-02 0.00000000e+00
 5.95299431e+00 2.46270128e-03 1.36961799e+00 3.28334019e+00
 1.98142423e-02]",49.695740667395086,19.037764697251124
2.5,False,0.05,64,0.005,2.5,"[9.92401140e-01 0.00000000e+00 4.96030060e+01 3.71735790e-03
 8.98777386e+01 5.56801860e+01 9.86215545e-01 0.00000000e+00
 5.14437016e+01 3.21158078e-03 8.96763274e+01 5.50718919e+01
 9.88634942e-01]","[3.40677999e+00 0.00000000e+00 4.23047611e+00 1.85625643e-03
 7.57653255e-01 3.50118499e+00 1.35691943e-02 0.00000000e+00
 5.48387574e+00 1.91768928e-03 1.63527874e+00 3.06053889e+00
 1.30428531e-02]",59.3033977308501,15.61291160237867
0.5,True,0.05,16,0.001,1.0,"[9.46354646e-01 0.00000000e+00 5.04129445e+01 3.46380682e-03
 8.98733466e+01 5.58790125e+01 9.87473651e-01 0.00000000e+00
 5.22261547e+01 2.99310698e-03 8.97035526e+01 5.54631185e+01
 9.89600676e-01]","[3.37020901e+00 0.00000000e+00 4.57307145e+00 1.93751354e-03
 7.60069532e-01 3.50990025e+00 1.41000478e-02 0.00000000e+00
 5.67746746e+00 1.95298152e-03 1.44985091e+00 3.15164597e+00
 1.34971274e-02]",44.29982730405452,18.906504935741484
2.5,True,0.05,64,0.001,2.5,"[9.93233492e-01 0.00000000e+00 4.96165867e+01 3.71312832e-03
 8.98776295e+01 5.56751896e+01 9.86248925e-01 0.00000000e+00
 5.14354464e+01 3.21432146e-03 8.96672222e+01 5.50677643e+01
 9.88629005e-01]","[3.38802015e+00 0.00000000e+00 4.24043463e+00 1.85682363e-03
 7.57810488e-01 3.49701009e+00 1.35416638e-02 0.00000000e+00
 5.48121885e+00 1.91985786e-03 1.67632351e+00 3.06115444e+00
 1.30716259e-02]",45.942878582304786,18.709386876351598
0.5,False,0.05,8,0.005,2.5,"[8.85620821e-01 0.00000000e+00 4.79879773e+01 4.61332881e-03
 8.98841563e+01 5.52890258e+01 9.78840160e-01 0.00000000e+00
 4.98283731e+01 4.03645172e-03 8.97361846e+01 5.42642276e+01
 9.82235897e-01]","[3.30525334e+00 0.00000000e+00 4.86872993e+00 2.49679089e-03
 7.54484031e-01 4.16097949e+00 2.10161072e-02 0.00000000e+00
 6.27431601e+00 2.57520625e-03 1.34176750e+00 3.45213016e+00
 2.04776309e-02]",47.833960353279316,18.707626259885885
1.0,True,0.05,16,0.005,2.5,"[1.44133493e+00 0.00000000e+00 5.02067484e+01 3.55331794e-03
 8.98762566e+01 5.58166789e+01 9.86968152e-01 0.00000000e+00
 5.19043712e+01 3.09781782e-03 8.96661284e+01 5.53022267e+01
 9.89121186e-01]","[3.67900323e+00 0.00000000e+00 4.63457849e+00 1.97618091e-03
 7.59517571e-01 3.49845005e+00 1.42804279e-02 0.00000000e+00
 5.63480038e+00 1.99751551e-03 1.64500311e+00 3.13477460e+00
 1.36843286e-02]",48.46071527290322,18.853289787645608
2.5,False,0.05,16,0.005,1.0,"[1.03203416e+00 0.00000000e+00 4.97160295e+01 3.72187412e-03
 8.98728356e+01 5.57006777e+01 9.85966873e-01 0.00000000e+00
 5.16277361e+01 3.21477766e-03 8.96763488e+01 5.51639091e+01
 9.88397074e-01]","[3.36676206e+00 0.00000000e+00 4.46410649e+00 2.00079083e-03
 7.66390849e-01 3.63169062e+00 1.49652858e-02 0.00000000e+00
 5.80209989e+00 2.05759439e-03 1.62187376e+00 3.21379983e+00
 1.43119914e-02]",60.040700214194985,15.828074668450817
1.0,False,0.05,8,0.001,0.1,"[8.62428049e-01 0.00000000e+00 4.82166973e+01 4.49393430e-03
 8.98829837e+01 5.52511858e+01 9.79598120e-01 0.00000000e+00
 5.00656966e+01 3.91257965e-03 8.97330368e+01 5.43828894e+01
 9.83004511e-01]","[3.35231203e+00 0.00000000e+00 4.83477080e+00 2.44182608e-03
 7.56435425e-01 3.98944014e+00 2.03940617e-02 0.00000000e+00
 6.14378883e+00 2.50216809e-03 1.38280987e+00 3.39259486e+00
 1.97554407e-02]",45.02310617727792,18.938060337039538
