,non_given_dims,beta,rgb_supervise,rgb_weak_supervise_prop,rgb_temp_beta,rgb_lambda,adversarial_supervise,adversarial_lambda,adversarial_target_language,encoder_class,color_metric_mean,color_metric_std,deltae,issm,psnr,rmse,sam,sre,ssim1,issm1,psnr1,rmse1,sam1,sre1
15,5,0.01,0,0.1,0.99,1,0,20,0,1,85.3723501585545,10.080979335645273,99.84742891500319,0.0,49.8515353,0.00361447924,89.9269135,56.0562656,0.989475019,0.0,51.8083778,0.00307250062,89.8392347,55.3849825
44,5,0.01,0,0.1,0.99,1,0,20,1,1,83.15387530311317,10.580034764843663,99.82485437117809,0.0,49.7780122,0.0036522613,89.9196728,55.6582276,0.989078609,0.0,51.6730177,0.00310654438,89.7845747,55.3253321
326,5,0.1,0,0.05,0.99,1,0,20,0,2,74.46830149850054,14.67854581587253,99.84049242464563,0.0,48.9800252,0.00401229379,89.8993507,55.3675234,0.98767422,0.0,50.87473,0.00339020541,89.7792307,54.9326052
9,5,0.5,0,0.1,0.99,1,0,20,0,1,85.9466485062719,9.877941111934804,99.80686107185267,0.0,49.8010974,0.00366817025,89.9241021,55.7735479,0.989115329,0.0,51.6760053,0.00312843983,89.7986223,55.3274067
35,5,0.5,0,0.1,0.99,1,0,20,1,1,86.32947505045377,9.77153855465298,99.83515507023361,0.0,49.6978318,0.00367924866,89.9228971,55.8228983,0.988811563,0.0,51.5567595,0.00316033681,89.8027452,55.2693892
327,5,1.0,0,0.05,0.99,1,0,20,0,2,80.20088924352466,12.640027680270816,99.83027262368341,0.0,49.3944434,0.00379386503,89.9191679,55.66915,0.988715353,0.0,51.3940379,0.00319040866,89.8119292,55.1853055
40,5,1.0,0,0.1,0.99,1,0,20,0,1,86.05799580295404,9.70391813173672,99.8294699154912,0.0,49.5013837,0.00374351483,89.9289777,55.6738099,0.988595967,0.0,51.2782708,0.00322615083,89.8162759,55.1045963
46,5,1.0,0,0.1,0.99,1,0,20,1,1,86.49799230007758,9.00526306248384,99.85798962975235,0.0,49.4263334,0.00379600743,89.9319512,55.6490454,0.988389988,0.0,51.3169222,0.00324142807,89.8518941,55.1445768
75,5,1.0,0,0.1,0.99,1,1,20,0,0,71.97182605530392,15.634754830930644,99.80565217419924,0.0,48.6277481,0.00417895994,89.8883286,55.3863212,0.986348659,0.0,50.7889024,0.00354812811,89.7978516,54.8661933
62,5,1.0,0,0.1,0.99,1,1,20,0,1,84.74956807338839,10.138463513633894,99.80590223660066,0.0,49.481581,0.00374924462,89.923961,55.5893794,0.98892117,0.0,51.4110253,0.00317120401,89.8135443,55.2026299
63,5,1.0,0,0.1,0.99,1,1,20,1,0,60.0693701174682,15.728524198494068,99.75750149163093,0.0,40.2913431,0.0103219888,89.8647198,50.4761237,0.952183868,0.0,41.7715368,0.00891597434,89.8549989,50.3644508
70,5,1.0,0,0.1,0.99,1,1,20,1,1,76.4224561141438,14.411279205263329,99.8619514695628,0.0,43.6144696,0.00729739801,89.9378975,53.3335198,0.968691236,0.0,45.5317557,0.00622173514,89.9142556,52.2571097
68,5,1.0,0,0.1,0.99,1,1,30,0,0,72.9757110487442,15.376334049149738,99.8028553142525,0.0,48.7055782,0.00410839267,89.8904549,55.4997442,0.986833417,0.0,50.8733862,0.00346682314,89.7884575,54.9258052
83,5,1.0,0,0.1,0.99,1,1,30,0,1,84.90806749774364,10.2015456234046,99.82816936812401,0.0,49.5049134,0.00375803837,89.9236788,55.6273476,0.988510629,0.0,51.3734728,0.00319897754,89.8119883,55.1709625
72,5,1.0,0,0.1,0.99,1,1,30,1,0,81.78028352108,13.83108304691963,99.81212069839037,0.0,46.2615076,0.00525848195,89.8503094,54.3624871,0.980996161,0.0,48.355315,0.00447210637,89.7598862,53.6655649
76,5,1.0,0,0.1,0.99,1,1,30,1,1,68.00303234381128,11.642561225815228,99.85992202744286,0.0,32.1135641,0.0248205033,89.7533253,45.5666173,0.855272833,0.0,32.2323734,0.0245013691,89.7191718,45.6102767
66,5,1.0,0,0.1,0.99,1,1,50,0,0,56.77113965592623,18.32302229021621,99.74340706742764,0.0,33.6222522,0.0208899193,89.6125698,46.2831413,0.891300737,0.0,33.7317606,0.0206377941,89.5302802,46.3560814
80,5,1.0,0,0.1,0.99,1,1,50,0,1,83.58569929216347,11.157055857846109,99.84812267425623,0.0,48.3602215,0.00429119253,89.917211,55.2330935,0.985720105,0.0,50.1251057,0.00371237911,89.7714176,54.5508354
67,5,1.0,0,0.1,0.99,1,1,50,1,0,71.52618100401278,13.773656163201418,99.80584700251927,0.0,42.5239465,0.00827534685,89.8551714,51.7165511,0.963982003,0.0,44.2547727,0.00704299528,89.8447749,51.6205325
84,5,1.0,0,0.1,0.99,1,1,50,1,1,70.12852078114548,10.473542290643024,99.87341212553468,0.0,31.8628598,0.025550332,89.7613251,45.4082945,0.850370517,0.0,32.0933641,0.0248928422,89.743341,45.5297755
255,5,1.0,1,0.05,0.9,1,0,20,1,1,81.56852409057775,11.296447366211227,99.830499941654,0.0,49.4544319,0.00376907695,89.9310637,55.5660675,0.9886736,0.0,51.4372843,0.00317941417,89.8397696,55.2010921
192,5,1.0,1,0.05,0.9,1,0,30,1,1,82.77907347600643,11.336429560888384,99.82355417248517,0.0,49.7594147,0.00370406819,89.9174464,55.6439705,0.989007617,0.0,51.7043592,0.00311779558,89.8067119,55.3256388
95,5,1.0,1,0.05,0.9,5,0,20,1,1,80.62371572484082,12.139738196078554,99.82413363019606,0.0,49.7849496,0.00364307525,89.92519,55.6798011,0.98924084,0.0,51.8566642,0.00306579504,89.8140155,55.4146593
94,5,1.0,1,0.05,0.9,5,0,30,1,1,83.39589951603064,11.057566789155793,99.80731784036722,0.0,49.5303137,0.00373916555,89.9133158,55.5566966,0.98888139,0.0,51.5197778,0.00314167083,89.7630691,55.2515235
118,5,1.0,1,0.05,0.9,10,0,20,1,1,82.18809229911223,10.654321548618643,99.83313185828912,0.0,49.542064,0.00375813261,89.9128161,55.4731689,0.988768487,0.0,51.5817887,0.00315605708,89.7828162,55.2686212
236,5,1.0,1,0.05,0.9,10,0,30,1,1,82.37439744344171,10.82230186065925,99.8609422945748,0.0,49.853025,0.00363645664,89.9123354,55.7761112,0.98921303,0.0,51.922791,0.00306555915,89.7883473,55.4583074
150,5,1.0,1,0.05,0.9,20,0,20,1,1,83.59522252071531,10.299510579256252,99.82740711158219,0.0,49.7529173,0.00367801936,89.9345317,55.6729473,0.989218392,0.0,51.6826813,0.00310576293,89.8412685,55.3251902
286,5,1.0,1,0.05,0.9,20,0,30,1,1,83.47392537804002,10.227294821739337,99.84211031270151,0.0,49.7125372,0.00366740675,89.9336195,55.8118477,0.989177584,0.0,51.6771756,0.00309463341,89.8490542,55.3507324
238,5,1.0,1,0.05,0.98,1,0,20,1,1,82.9236261584671,10.47881462156579,99.80299205887133,0.0,49.2292911,0.00390212166,89.9300242,55.4351552,0.987892053,0.0,51.2114075,0.00329658819,89.7859158,55.1060727
282,5,1.0,1,0.05,0.98,1,0,30,1,1,82.79425901811635,10.176422796955816,99.86235772717397,0.0,49.1437125,0.00389979713,89.9169738,55.2968686,0.98839667,0.0,51.1171951,0.00327637228,89.8073747,55.0515677
316,5,1.0,1,0.05,0.98,5,0,20,1,1,83.89261008831268,9.661607472363672,99.8475632621467,0.0,49.311892,0.00385654932,89.9384117,55.5294328,0.98818072,0.0,51.3007967,0.00325349184,89.8526892,55.1314876
138,5,1.0,1,0.05,0.98,5,0,30,1,1,84.16734518988797,9.170789720424002,99.82434255514552,0.0,49.0966589,0.00396036843,89.9355564,55.2402109,0.987380873,0.0,51.0278688,0.00335637238,89.8767672,54.9887172
184,5,1.0,1,0.05,0.98,10,0,20,1,1,83.60728788140166,10.046941945352115,99.80967567637691,0.0,48.8714361,0.00401931275,89.9284056,55.3100713,0.987524407,0.0,50.9768238,0.00336283692,89.8228627,54.968146
160,5,1.0,1,0.05,0.98,10,0,30,1,1,83.53472328286514,9.6245529794795,99.83961904764843,0.0,49.0231678,0.00397261347,89.9172706,55.2967717,0.987973686,0.0,51.1569486,0.00329017522,89.8475088,55.063016
273,5,1.0,1,0.05,0.98,20,0,20,1,1,81.8531713261092,10.65566659746196,99.8139265223361,0.0,49.2032471,0.00386317808,89.9129361,55.4098536,0.988339957,0.0,51.2586876,0.00323121294,89.8243795,55.1179504
254,5,1.0,1,0.05,0.98,20,0,30,1,1,83.4312086721643,10.002773075402471,99.84195797238023,0.0,49.2303658,0.0038473635,89.9302416,55.3974018,0.98886765,0.0,51.2928709,0.00318920193,89.8295157,55.151943
104,5,1.0,1,0.05,0.99,1,0,20,1,1,82.55724033038784,10.749495213591832,99.83111474225782,0.0,48.2002218,0.00434286704,89.9237392,54.7828745,0.985710812,0.0,50.0577951,0.00368726792,89.812698,54.5176069
195,5,1.0,1,0.05,0.99,1,0,30,1,1,84.30204628828098,8.983249160322814,99.88406569609369,0.0,48.6851578,0.00410158461,89.9340629,55.2667594,0.987319225,0.0,50.7661087,0.00341846308,89.8646121,54.8691297
151,5,1.0,1,0.05,0.99,5,0,20,1,1,84.04971277978912,9.246107474306742,99.87597478549564,0.0,48.9716617,0.00398099259,89.916781,55.2256914,0.987833882,0.0,51.1014479,0.00331253352,89.8196671,55.0491269
253,5,1.0,1,0.05,0.99,5,0,30,1,1,81.91281389941653,10.447287560838664,99.84147919821677,0.0,48.5024599,0.00423903451,89.9351674,54.990026,0.986128714,0.0,50.4600363,0.00358564407,89.8279746,54.7220213
239,5,1.0,1,0.05,0.99,10,0,20,1,1,83.8107423146784,9.442337473142295,99.86669216915033,0.0,48.7220626,0.00412800056,89.935219,55.3004267,0.986766508,0.0,50.7539234,0.00347558024,89.8598852,54.8634467
292,5,1.0,1,0.05,0.99,10,0,30,1,1,82.71274472540236,10.130307805075825,99.83331689882398,0.0,48.9084688,0.00403640278,89.9249925,55.1899346,0.987102638,0.0,50.9072229,0.00339787087,89.8276551,54.9277527
113,5,1.0,1,0.05,0.99,20,0,20,1,1,83.10587827007348,9.379876832642534,99.84764895541701,0.0,48.8190908,0.00407391699,89.9208848,55.1965744,0.986930839,0.0,50.7850672,0.00343668971,89.7920146,54.8758934
109,5,1.0,1,0.05,0.99,20,0,30,1,1,83.65421357777339,9.72326641811114,99.85882527770191,0.0,48.4093265,0.00424315777,89.9339769,54.9807258,0.986046628,0.0,50.281062,0.00360221444,89.8498167,54.6209099
181,5,1.0,1,0.1,0.9,1,0,20,1,1,86.26571147019003,8.873359605331618,99.83972642642125,0.0,49.9891287,0.00360466304,89.9308735,55.8250391,0.989334551,0.0,51.8560492,0.00307144804,89.8345047,55.4186805
186,5,1.0,1,0.1,0.9,1,0,30,1,1,85.74657464988773,9.55899193918898,99.79270493501872,0.0,49.6464863,0.00371869454,89.9190811,55.6821392,0.989035292,0.0,51.6089209,0.00314141103,89.7626388,55.2665953
87,5,1.0,1,0.1,0.9,5,0,20,1,1,82.66640759959968,11.230222313932725,99.81143370772017,0.0,49.7027501,0.00367224796,89.9308222,55.724553,0.989288446,0.0,51.6659408,0.00309940567,89.8302721,55.3208393
250,5,1.0,1,0.1,0.9,5,0,30,1,1,85.79266216870836,8.960539450367383,99.83357538103004,0.0,49.722988,0.00366939073,89.9269365,55.7676123,0.988884237,0.0,51.5713178,0.00313639952,89.8440187,55.2842478
105,5,1.0,1,0.1,0.9,10,0,20,1,1,84.89283933179878,9.914299916536857,99.78886120069627,0.0,49.9534899,0.00361232053,89.9251241,55.8067365,0.989421273,0.0,51.8057082,0.00306776797,89.784467,55.3731314
227,5,1.0,1,0.1,0.9,10,0,30,1,1,84.95459854801427,9.290896616805998,99.86270552184409,0.0,49.8153972,0.00365240571,89.9308084,55.8615286,0.989484887,0.0,51.9678701,0.00303202205,89.7940891,55.4705266
154,5,1.0,1,0.1,0.9,20,0,20,1,1,86.35066334410344,8.958846459470744,99.8250440207794,0.0,49.7219375,0.00367127833,89.9371887,55.7348142,0.988671638,0.0,51.5560288,0.0031546709,89.8255464,55.2557315
301,5,1.0,1,0.1,0.9,20,0,30,1,1,86.23163614102626,8.473665913254946,99.83009346238558,0.0,49.806704,0.00365897766,89.9220579,55.7946688,0.989047082,0.0,51.7730382,0.00310075344,89.828597,55.3634921
203,5,1.0,1,0.1,0.98,1,0,20,1,1,86.28653562402317,8.728309761032152,99.85254428887805,0.0,49.6433442,0.00371837785,89.9311709,55.7346774,0.988841208,0.0,51.633282,0.00313315708,89.8497108,55.3115023
120,5,1.0,1,0.1,0.98,1,0,30,1,1,87.90972793322982,7.837012171267621,99.8082605483017,0.0,49.6868202,0.00371982128,89.9234521,55.7956025,0.988686875,0.0,51.6519245,0.00315167308,89.7776603,55.2999509
126,5,1.0,1,0.1,0.98,5,0,20,1,1,86.23666067469892,8.631936878041861,99.8417531049579,0.0,49.4231277,0.00380209884,89.9239079,55.5127957,0.988342381,0.0,51.3481212,0.00323232563,89.8270866,55.1579352
310,5,1.0,1,0.1,0.98,5,0,30,1,1,87.47852435708018,7.742320095747711,99.82415410597994,0.0,49.578726,0.00374448407,89.9300983,55.5025561,0.988829045,0.0,51.3811453,0.00318772913,89.8194454,55.1655916
218,5,1.0,1,0.1,0.98,10,0,20,1,1,85.71913967124533,9.215695950457306,99.78540821884732,0.0,49.2660019,0.00385822743,89.9064864,55.3311597,0.988295927,0.0,51.1682153,0.00325937379,89.7832403,55.0590872
303,5,1.0,1,0.1,0.98,10,0,30,1,1,86.65624327428277,8.476999606570232,99.80169933222294,0.0,49.543803,0.00375967909,89.9059117,55.55824,0.988718967,0.0,51.4572189,0.00318867192,89.7938488,55.2056876
193,5,1.0,1,0.1,0.98,20,0,20,1,1,86.81137869392127,8.458353785305539,99.7774956549172,0.0,49.4561938,0.00379727401,89.9085013,55.5966,0.988608177,0.0,51.4969247,0.00318075837,89.8053244,55.2181654
149,5,1.0,1,0.1,0.98,20,0,30,1,1,87.40393104710287,8.125379027623872,99.84525347911313,0.0,49.8540112,0.00364283755,89.9204375,55.8834248,0.989167229,0.0,51.8393722,0.00308791242,89.8159123,55.4096108
91,5,1.0,1,0.1,0.99,1,0,20,1,1,88.8439315708772,6.80887255221702,99.81024138998161,0.0,49.1252886,0.00392387815,89.9278744,55.4957977,0.987788291,0.0,51.1457992,0.00330119799,89.8360352,55.0494315
135,5,1.0,1,0.1,0.99,1,0,30,1,1,87.77162510031113,7.791710563322158,99.84145745113022,0.0,49.3043324,0.00385983481,89.9328986,55.6014218,0.988251319,0.0,51.318393,0.00325184924,89.7860267,55.1549787
212,5,1.0,1,0.1,0.99,5,0,20,1,1,87.87175196122581,7.70484611915704,99.82239526159165,0.0,49.3567673,0.00385293147,89.929175,55.5108118,0.987992151,0.0,51.2648502,0.00327566487,89.8397834,55.1312173
164,5,1.0,1,0.1,0.99,5,0,30,1,1,87.65857251954128,8.044761166510046,99.86168517592081,0.0,49.4374342,0.00381198199,89.9158098,55.5280263,0.988316825,0.0,51.3915604,0.00322716349,89.8167082,55.180878
287,5,1.0,1,0.1,0.99,10,0,20,1,1,86.61422365792342,7.822769291545549,99.82770911331947,0.0,49.0746963,0.00394281329,89.9276854,55.2328273,0.987852923,0.0,51.0072536,0.00333440298,89.8412903,54.980157
258,5,1.0,1,0.1,0.99,10,0,30,1,1,89.41115380676291,6.672389432610541,99.84834701242019,0.0,49.1391499,0.00393201957,89.9324718,55.4627932,0.987733401,0.0,51.077624,0.0033319845,89.8339932,55.032195
200,5,1.0,1,0.1,0.99,20,0,20,1,1,87.87383237819336,7.52660901400687,99.84023921511923,0.0,49.4390438,0.0038151013,89.9256914,55.6030692,0.988186693,0.0,51.3524181,0.00325477185,89.8173488,55.1630495
321,5,1.0,1,0.1,0.99,20,0,30,1,1,87.5117748341717,8.72010367566094,99.81245144175611,0.0,49.0633064,0.00395276686,89.9311885,55.4288407,0.987979627,0.0,51.0764555,0.0033079975,89.8477724,55.0374579
169,5,1.0,1,0.25,0.9,1,0,20,1,1,89.66308373418622,7.759641421029942,99.80511847591224,0.0,49.6577597,0.00370065072,89.9219821,55.8470306,0.988748574,0.0,51.546194,0.00316440529,89.8012173,55.248444
217,5,1.0,1,0.25,0.9,1,0,30,1,1,90.22932697301172,6.752699403976365,99.81199937943869,0.0,50.32586,0.00345452364,89.9173498,55.9759468,0.990320257,0.0,52.2400596,0.00292168829,89.7872134,55.6051086
116,5,1.0,1,0.25,0.9,5,0,20,1,1,89.27781836221097,6.938200570366462,99.83552456693431,0.0,50.2704587,0.00349764965,89.9209784,55.9263894,0.989875366,0.0,52.1846372,0.00296226056,89.8173905,55.5811315
183,5,1.0,1,0.25,0.9,5,0,30,1,1,90.24512695512632,7.451677401240663,99.78257413588346,0.0,49.9940437,0.0035619002,89.9354021,55.9776365,0.989430796,0.0,51.8125928,0.00304883772,89.7821168,55.3966107
245,5,1.0,1,0.25,0.9,10,0,20,1,1,90.2581249511012,6.643482155687826,99.79914318771638,0.0,50.0664739,0.00351323564,89.9141384,55.8219762,0.989865519,0.0,51.9189173,0.00299393855,89.7980907,55.4535568
125,5,1.0,1,0.25,0.9,10,0,30,1,1,88.84496990064095,7.5980182422069245,99.80435829602008,0.0,50.2084572,0.00350383193,89.9020479,55.9485244,0.989995389,0.0,52.1822197,0.00294575924,89.7514086,55.565926
158,5,1.0,1,0.25,0.9,20,0,20,1,1,88.95271488076277,7.466443415830395,99.81126540490925,0.0,50.0321399,0.00354960767,89.9289537,55.9636241,0.989693048,0.0,51.9463297,0.0030158832,89.7981967,55.4663537
139,5,1.0,1,0.25,0.9,20,0,30,1,1,90.23703779872986,6.274729288935045,99.78980509276484,0.0,50.4083909,0.00343051111,89.9306717,56.1895023,0.990274709,0.0,52.3365837,0.00290362442,89.8321028,55.6640756
185,5,1.0,1,0.25,0.98,1,0,20,1,1,90.16146089763728,7.56125285368007,99.83848255017159,0.0,50.2268048,0.00348793961,89.9315374,56.0437279,0.989721851,0.0,52.0551908,0.00299069205,89.8197484,55.5239282
173,5,1.0,1,0.25,0.98,1,0,30,1,1,89.4557191339212,7.95562595970998,99.771565793999,0.0,49.2915174,0.00383973858,89.9088462,55.5910059,0.988236288,0.0,51.1318537,0.00329981776,89.76868,55.0506826
210,5,1.0,1,0.25,0.98,5,0,20,1,1,90.91542236614968,6.640038276999516,99.79483542475634,0.0,50.1805751,0.00350533929,89.9266662,55.9822945,0.989881931,0.0,52.1150435,0.00296792355,89.8292169,55.5476199
293,5,1.0,1,0.25,0.98,5,0,30,1,1,90.37115455072724,7.418360583576038,99.7758367822374,0.0,50.1251011,0.00355265,89.9284321,55.9303964,0.989465105,0.0,51.9654211,0.00303392241,89.7883274,55.4570211
268,5,1.0,1,0.25,0.98,10,0,20,1,1,90.10328933416108,6.309393286256103,99.8354172094442,0.0,50.2241919,0.00351145121,89.9235766,56.0309087,0.989636551,0.0,52.2161998,0.00298715664,89.7737098,55.6075834
251,5,1.0,1,0.25,0.98,10,0,30,1,1,89.52706218412675,7.276299711602157,99.84200720043395,0.0,49.8844127,0.00362290373,89.9134433,55.8949604,0.989108011,0.0,51.8031395,0.00309456627,89.8299495,55.3880935
147,5,1.0,1,0.25,0.98,20,0,20,1,1,89.72305891205852,7.172956317213417,99.8400487262091,0.0,50.1325822,0.00351536188,89.9331967,55.8719051,0.989859289,0.0,51.9403101,0.00300595273,89.8197687,55.4579703
322,5,1.0,1,0.25,0.98,20,0,30,1,1,88.29522839549978,7.368274244976174,99.8009165306152,0.0,49.9309887,0.00359890704,89.924944,55.8057285,0.989302294,0.0,51.7210567,0.00308834988,89.8107504,55.3389827
242,5,1.0,1,0.25,0.99,1,0,20,1,1,90.08241524145502,6.588010835762311,99.80243014219367,0.0,49.8660997,0.0036571715,89.9180992,55.8722675,0.988835459,0.0,51.6920006,0.00314158586,89.8043628,55.338163
99,5,1.0,1,0.25,0.99,1,0,30,1,1,89.22591668116232,6.37250035947351,99.79493399339047,0.0,50.0575994,0.00355300409,89.922742,55.8818254,0.98976616,0.0,52.0072854,0.00301047322,89.827054,55.4848671
224,5,1.0,1,0.25,0.99,5,0,20,1,1,89.81696833298636,7.668472389302922,99.81830075823636,0.0,49.9047691,0.00362940839,89.9269239,55.965862,0.989102596,0.0,51.810864,0.00309904144,89.836455,55.3886843
172,5,1.0,1,0.25,0.99,5,0,30,1,1,89.78290657982768,7.165768019847191,99.83262254908878,0.0,50.1095045,0.00354451951,89.9102722,55.8746032,0.989525649,0.0,51.9947225,0.00301887511,89.8130884,55.4784289
291,5,1.0,1,0.25,0.99,10,0,20,1,1,88.83997103834113,6.685862781730524,99.7929195288686,0.0,49.9840762,0.00363976043,89.9185979,55.797489,0.988980012,0.0,51.9013009,0.00310127935,89.7805756,55.4273044
131,5,1.0,1,0.25,0.99,10,0,30,1,1,89.85167592302753,6.674970590565285,99.82309165333552,0.0,50.2085752,0.00352828534,89.9188932,55.9378788,0.989585918,0.0,52.009427,0.00303346934,89.7942561,55.4923356
162,5,1.0,1,0.25,0.99,20,0,20,1,1,90.02418346578659,6.680187252277457,99.84534447789278,0.0,49.9837988,0.00359678984,89.9153963,55.9759644,0.989351138,0.0,51.9036549,0.00305505099,89.8180168,55.4500488
161,5,1.0,1,0.25,0.99,20,0,30,1,1,91.06536010279744,6.023944637644802,99.84627142982522,0.0,49.9872892,0.00358917314,89.9324557,55.9275397,0.989378304,0.0,51.8965373,0.00304899327,89.8309158,55.4338705
278,5,1.0,1,0.4,0.9,1,0,20,1,1,90.77638994354636,7.350182591546673,99.79839287326865,0.0,50.1728061,0.00353035058,89.9210182,56.0748023,0.989627141,0.0,51.9654252,0.00301829324,89.8219385,55.4553614
137,5,1.0,1,0.4,0.9,1,0,30,1,1,90.16075003484404,7.347728142823695,99.80066735484266,0.0,50.5847892,0.0033589449,89.9248665,56.2606368,0.990392126,0.0,52.3665312,0.0028863553,89.8234923,55.6761458
177,5,1.0,1,0.4,0.9,5,0,20,1,1,90.51723133455404,6.563730484740669,99.80631588882353,0.0,50.2992494,0.00349831163,89.9140559,56.2085245,0.989806322,0.0,52.2899019,0.00297159579,89.7863218,55.6462038
106,5,1.0,1,0.4,0.9,5,0,30,1,1,90.17792130723662,6.02858953429848,99.77008576224424,0.0,50.3449811,0.00344937443,89.9285483,56.0182645,0.990077603,0.0,52.2341718,0.00293399513,89.7972782,55.6084771
264,5,1.0,1,0.4,0.9,10,0,20,1,1,90.70516303533697,6.332362612631241,99.77231597124113,0.0,50.2961869,0.00348629227,89.9216837,56.031732,0.989599761,0.0,52.0733357,0.00301016909,89.8101674,55.508292
208,5,1.0,1,0.4,0.9,10,0,30,1,1,90.67590741551132,5.94887122451557,99.80901360799334,0.0,50.4609011,0.00338646034,89.9275496,56.1699071,0.990509377,0.0,52.4602255,0.00286619963,89.8118672,55.7275355
233,5,1.0,1,0.4,0.9,20,0,20,1,1,91.14904941103224,6.874060108739154,99.80146112474705,0.0,50.5281331,0.0033945894,89.9216506,56.23837,0.990178294,0.0,52.4180045,0.00290505134,89.7940196,55.7069009
296,5,1.0,1,0.4,0.9,20,0,30,1,1,90.64280830865586,6.57764716181535,99.78946420071343,0.0,50.6392468,0.00333621775,89.9242612,56.1573373,0.990639581,0.0,52.6146438,0.00282929248,89.7488552,55.8002764
98,5,1.0,1,0.4,0.98,1,0,20,1,1,90.08824106020606,6.2714406496488095,99.78683840897222,0.0,49.82965,0.00362724717,89.9171585,55.7464598,0.989207527,0.0,51.670435,0.00309537251,89.8076826,55.3108262
196,5,1.0,1,0.4,0.98,1,0,30,1,1,90.97591095013708,6.95951630398181,99.8072729383651,0.0,50.3473224,0.00344564195,89.917593,56.1444536,0.990168859,0.0,52.3208014,0.00291266481,89.8030598,55.653723
202,5,1.0,1,0.4,0.98,5,0,20,1,1,90.83121702564424,7.180786111421284,99.75670307733984,0.0,50.4034096,0.00345103222,89.9344042,56.0873594,0.989995183,0.0,52.2679431,0.00294071231,89.8194239,55.6289222
219,5,1.0,1,0.4,0.98,5,0,30,1,1,90.59170268297056,6.678200290953763,99.83255259529246,0.0,50.5846249,0.00340680705,89.9190695,56.1868546,0.989974318,0.0,52.4192874,0.00292419548,89.8221249,55.6896052
180,5,1.0,1,0.4,0.98,10,0,20,1,1,90.03733656265942,6.915434212853796,99.76377559776036,0.0,50.3328899,0.00345644446,89.919878,56.0190564,0.990053586,0.0,52.2220861,0.0029433182,89.7645017,55.5911431
307,5,1.0,1,0.4,0.98,10,0,30,1,1,90.50146597108905,6.159151709169516,99.80462480724388,0.0,50.1695398,0.00348353869,89.9233974,55.915027,0.990071515,0.0,51.9709116,0.00298592851,89.7970257,55.4504245
237,5,1.0,1,0.4,0.98,20,0,20,1,1,90.64842246933205,6.697925811046609,99.8086888942021,0.0,50.5410378,0.00339419531,89.936516,56.1097908,0.990365494,0.0,52.4940769,0.0028809783,89.8444193,55.7373859
176,5,1.0,1,0.4,0.98,20,0,30,1,1,90.24543441483858,6.36183571313457,99.8305952615042,0.0,50.3039853,0.00348901678,89.9139049,56.1628403,0.989655619,0.0,52.2625178,0.00297944968,89.7756987,55.6102361
324,5,1.0,1,0.4,0.99,1,0,20,1,1,90.32515212112176,6.328890936933719,99.84123739916939,0.0,50.3086103,0.00345948091,89.9179815,56.014764,0.989920869,0.0,52.0866844,0.00296477426,89.8184259,55.5232046
277,5,1.0,1,0.4,0.99,1,0,30,1,1,89.3609622837764,6.859716130039809,99.78394635189049,0.0,50.0427919,0.00356502537,89.9089477,55.9189819,0.989302768,0.0,51.7815393,0.00307393086,89.7910539,55.3707368
246,5,1.0,1,0.4,0.99,5,0,20,1,1,90.91182267919648,7.100688058698595,99.79470476518296,0.0,49.9885848,0.00356352083,89.9279354,55.9538582,0.98947622,0.0,51.9749465,0.00302884712,89.76797,55.4557745
280,5,1.0,1,0.4,0.99,5,0,30,1,1,91.06496388879992,6.640208039438146,99.83216989696844,0.0,50.2869249,0.00349502727,89.9341474,56.0677347,0.989847718,0.0,52.1729022,0.0029755582,89.830437,55.5573991
300,5,1.0,1,0.4,0.99,10,0,20,1,1,90.05561050296517,7.773890752467632,99.82988542248012,0.0,50.4765375,0.00342558758,89.9318583,56.1963889,0.990062135,0.0,52.3368478,0.00293229371,89.7938486,55.6533792
143,5,1.0,1,0.4,0.99,10,0,30,1,1,90.50455991836152,5.8787170415690495,99.81169141740892,0.0,49.9647928,0.0035837419,89.9148191,55.8565824,0.989390951,0.0,51.8049414,0.00307555882,89.7973318,55.4046096
257,5,1.0,1,0.4,0.99,20,0,20,1,1,90.0570193154928,6.935015038373199,99.85627319774125,0.0,49.9519376,0.00360558382,89.9148133,56.0644524,0.98913253,0.0,51.8667523,0.00308056015,89.8181847,55.4334932
86,5,1.0,1,0.4,0.99,20,0,30,1,1,90.8224607183774,6.150508206977159,99.81116066609881,0.0,50.1781349,0.00351324356,89.9268871,56.0082062,0.989869663,0.0,52.0161745,0.00298932683,89.8266419,55.5056122
92,5,1.0,1,0.5,0.9,1,0,20,1,1,90.46539640705826,7.612181918754744,99.7863158555831,0.0,50.5483908,0.00338024955,89.9361368,56.2595601,0.990424301,0.0,52.4556095,0.00286843518,89.8269331,55.7251799
272,5,1.0,1,0.5,0.9,1,0,30,1,1,90.77953157694934,6.704252496104506,99.82281463637453,0.0,50.494163,0.00339235333,89.9081119,56.1473979,0.99009708,0.0,52.2796618,0.00292757176,89.7674788,55.6158004
269,5,1.0,1,0.5,0.9,5,0,20,1,1,90.21578308781112,6.16498551163911,99.82608130932933,0.0,50.4460611,0.00342175832,89.921547,56.0197041,0.990147846,0.0,52.4091063,0.00290603026,89.8078973,55.681965
320,5,1.0,1,0.5,0.9,5,0,30,1,1,90.44881510307164,7.188156916746229,99.78321346843984,0.0,50.1088981,0.00354351126,89.9151772,55.9653147,0.989405901,0.0,51.8272488,0.00307099492,89.7780448,55.3787767
100,5,1.0,1,0.5,0.9,10,0,20,1,1,90.4104894318521,6.166143071961389,99.77370243149815,0.0,50.4676984,0.003406215,89.9231749,56.0450215,0.990319476,0.0,52.3249982,0.00289904703,89.7924029,55.6569952
189,5,1.0,1,0.5,0.9,10,0,30,1,1,89.7481718666308,6.133875904426435,99.80087230581098,0.0,49.7750296,0.00364047805,89.9147618,55.8423244,0.989274052,0.0,51.6029526,0.00311087753,89.8159295,55.2857381
249,5,1.0,1,0.5,0.9,20,0,20,1,1,91.3591434545855,6.419160576833744,99.80126824175782,0.0,50.2857606,0.00349631889,89.9259468,56.1966696,0.98953208,0.0,52.1557698,0.00299807216,89.8048517,55.5521338
133,5,1.0,1,0.5,0.9,20,0,30,1,1,91.00766976933234,6.895743177307671,99.78167289890561,0.0,50.2301421,0.00353065415,89.9186202,56.0573948,0.989655112,0.0,52.1542265,0.00299282024,89.7716343,55.5589368
198,5,1.0,1,0.5,0.98,1,0,20,1,1,91.27698003945008,5.926430981638503,99.8096950151204,0.0,50.4618068,0.00343909259,89.9244617,56.0053156,0.99002089,0.0,52.3021952,0.00293565039,89.7975564,55.6331739
252,5,1.0,1,0.5,0.98,1,0,30,1,1,91.1231251828744,6.843029873802861,99.80218982478557,0.0,50.3251599,0.00345847111,89.914995,56.1293043,0.990059516,0.0,52.3485715,0.00292219761,89.8131596,55.6569626
241,5,1.0,1,0.5,0.98,5,0,20,1,1,89.6409546577942,6.42714542459376,99.74906500270859,0.0,50.2995061,0.00348144192,89.923409,55.9176806,0.98951629,0.0,51.937759,0.00302801363,89.7762237,55.4470163
298,5,1.0,1,0.5,0.98,5,0,30,1,1,90.48277658456053,6.6981613174814605,99.78257824888149,0.0,50.1456942,0.00352267163,89.9284761,56.0444401,0.989659068,0.0,52.0217383,0.00301307982,89.8101373,55.5013944
191,5,1.0,1,0.5,0.98,10,0,20,1,1,90.58189181753632,6.702404749092503,99.80001151459682,0.0,50.4551224,0.0034449597,89.9251551,56.0490257,0.989764736,0.0,52.2543582,0.00296413778,89.8166607,55.6055761
206,5,1.0,1,0.5,0.98,10,0,30,1,1,89.88489105686863,6.898674463165537,99.81969157963883,0.0,50.3855124,0.00345781815,89.9097838,56.097646,0.989995087,0.0,52.2756582,0.00294460922,89.8084344,55.6339957
211,5,1.0,1,0.5,0.98,20,0,20,1,1,89.40259626386108,7.474174003643258,99.80531035680252,0.0,50.5709641,0.00338834286,89.9180448,56.1864035,0.990103418,0.0,52.2776116,0.00293418395,89.7600598,55.6132819
285,5,1.0,1,0.5,0.98,20,0,30,1,1,90.67596706950604,6.713443970260064,99.7894661553271,0.0,50.2802001,0.00348090794,89.9089706,56.1552398,0.989978502,0.0,52.3599417,0.00293094645,89.7746962,55.6657964
274,5,1.0,1,0.5,0.99,1,0,20,1,1,89.98011347255625,5.984576085397877,99.8337428966069,0.0,50.1884445,0.00351075636,89.9252537,55.9884857,0.98979049,0.0,52.0803598,0.00299262342,89.8152843,55.5341014
188,5,1.0,1,0.5,0.99,1,0,30,1,1,91.01614434317705,6.281359657715073,99.81897053164228,0.0,50.3173932,0.00348561614,89.9352718,56.111212,0.989798278,0.0,52.271721,0.00296866434,89.8250364,55.6285913
267,5,1.0,1,0.5,0.99,5,0,20,1,1,90.3689609849644,5.9058941976115245,99.83827863141498,0.0,50.4606823,0.00342639587,89.9229629,56.0144848,0.990161459,0.0,52.2668087,0.00292127082,89.8192734,55.6324137
260,5,1.0,1,0.5,0.99,5,0,30,1,1,90.1786326327508,6.703753225446535,99.772112336405,0.0,49.962704,0.00360071487,89.9212682,55.8609586,0.989361417,0.0,51.7021129,0.0030924706,89.7820286,55.3344462
263,5,1.0,1,0.5,0.99,10,0,20,1,1,89.68158737749481,5.73274236855684,99.7881435395949,0.0,50.4323134,0.00339148862,89.9200819,55.9544312,0.990442459,0.0,52.2105951,0.00290489312,89.8054203,55.6023105
290,5,1.0,1,0.5,0.99,10,0,30,1,1,91.46033479170248,6.161541702485402,99.81426009901999,0.0,50.4414896,0.00343996633,89.9300661,56.0629728,0.989958286,0.0,52.1792317,0.00296102782,89.7994289,55.5804863
103,5,1.0,1,0.5,0.99,20,0,20,1,1,91.51632068330515,5.872299977450116,99.82406707778526,0.0,50.2784847,0.00347366808,89.9220244,56.0109251,0.989829229,0.0,52.1226227,0.00297035864,89.7890251,55.5467127
276,5,1.0,1,0.5,0.99,20,0,30,1,1,90.92038127827732,6.224514541870542,99.81625449371447,0.0,50.3149151,0.00346292119,89.9235483,56.0207981,0.989883601,0.0,52.1813441,0.00297078365,89.7713087,55.5661782
328,5,2.0,0,0.05,0.99,1,0,20,0,2,79.76921093372052,12.884193722582811,99.82232670045474,0.0,48.9821761,0.0039633408,89.8996917,55.580258,0.987730823,0.0,51.0357344,0.00334888899,89.7708002,55.0108711
20,5,2.0,0,0.1,0.99,1,0,20,0,1,85.8598655061894,9.309693124107907,99.83780758966971,0.0,49.4422633,0.00378374369,89.9257927,55.7796183,0.98839394,0.0,51.3252004,0.00324267742,89.805358,55.1508828
59,5,2.0,0,0.1,0.99,1,0,20,1,1,86.1988900023531,9.287447057282304,99.80869258131942,0.0,49.4800538,0.00376592395,89.9171845,55.6770414,0.988536706,0.0,51.3324454,0.00323193139,89.8051051,55.1679614
329,5,5.0,0,0.05,0.99,1,0,20,0,2,82.95174042579546,11.510168377627762,99.81712923371113,0.0,48.867664,0.00398383113,89.9153278,55.4200819,0.987771521,0.0,50.7339163,0.00338809576,89.8009591,54.8364806
24,5,5.0,0,0.1,0.99,1,0,20,0,1,87.56583158647851,8.210452184157495,99.81840126382404,0.0,49.2606274,0.00383007323,89.8994524,55.4815947,0.988222748,0.0,51.0386399,0.00329817191,89.7633853,55.0024135
60,5,5.0,0,0.1,0.99,1,0,20,1,1,86.77324165116335,9.139600350647813,99.81224324811699,0.0,49.3821238,0.0038029213,89.898435,55.5588329,0.988400027,0.0,51.118454,0.00327955199,89.7588124,55.0469372
1,5,5.0,1,0.5,0.99,1,1,20,0,0,91.13237534222463,7.17731085962162,99.78135158151886,0.0,49.6568531,0.00368472003,89.8834938,55.82932,0.988860111,0.0,51.6776896,0.00314562644,89.8124633,55.3175272
330,10,0.1,0,0.05,0.99,1,0,20,0,2,65.86218653572773,15.31041960805426,99.8013255259987,0.0,51.8499942,0.00287544787,89.9251416,56.8546897,0.993067524,0.0,54.0538497,0.00238675031,89.7973834,56.5166876
331,10,1.0,0,0.05,0.99,1,0,20,0,2,66.79911665075727,14.87860482096588,99.82547459751598,0.0,51.0705471,0.00308866095,89.9254162,56.361607,0.992625323,0.0,53.3192298,0.00252356563,89.8093213,56.1303048
332,10,2.0,0,0.05,0.99,1,0,20,0,2,67.16129648424676,15.321967100988491,99.82051218568938,0.0,51.2709078,0.00303571922,89.9311368,56.719128,0.992513461,0.0,53.4515591,0.00251525189,89.8086775,56.2174356
333,10,5.0,0,0.05,0.99,1,0,20,0,2,75.3192221858576,13.783731652346344,99.82433777242117,0.0,49.6473873,0.0035582469,89.9087735,55.6546085,0.990278066,0.0,51.6440921,0.00298261107,89.7701853,55.2955909
23,12,0.01,0,0.1,0.99,1,0,20,0,1,69.74139504166537,14.80358175209002,99.85755281378387,0.0,52.6476079,0.00261545591,89.919994,57.2416924,0.994270409,0.0,54.7541029,0.00217051555,89.7882907,56.8612775
54,12,0.01,0,0.1,0.99,1,0,20,1,1,70.23011733843487,15.074475013769543,99.8231037894646,0.0,52.6417039,0.00265138336,89.9318435,56.9573909,0.994016934,0.0,54.7093528,0.00220467309,89.8477636,56.829018
43,12,0.5,0,0.1,0.99,1,0,20,0,1,75.71083801516379,13.652884848793128,99.80887652420954,0.0,52.1774235,0.00271673556,89.9331918,56.8473865,0.994117725,0.0,54.1469413,0.00226025962,89.7701057,56.5609272
39,12,0.5,0,0.1,0.99,1,0,20,1,1,79.47134366720536,13.40323000972256,99.83367646260952,0.0,52.1654954,0.00275417175,89.927164,56.8089661,0.993830481,0.0,54.2588512,0.00229017865,89.7722686,56.6195551
27,12,1.0,0,0.1,0.99,1,0,20,0,1,79.8250443031943,13.64366732526101,99.80285641325572,0.0,52.2411924,0.0027276347,89.9323353,56.9766171,0.993967789,0.0,54.3864128,0.00226457641,89.755637,56.6914022
51,12,1.0,0,0.1,0.99,1,0,20,1,1,80.76149219528243,12.933958254052124,99.84437224811454,0.0,52.2667333,0.00270844603,89.9336208,56.9129705,0.993927726,0.0,54.3445419,0.00226117225,89.774623,56.66765
14,12,2.0,0,0.1,0.99,1,0,20,0,1,82.68615515579363,11.980550209551724,99.79992398942807,0.0,51.5207477,0.00292636576,89.9146595,56.4404469,0.99319694,0.0,53.5183737,0.0024446601,89.7959248,56.234373
3,12,2.0,0,0.1,0.99,1,0,20,1,1,85.56839650299246,9.636134060724943,99.85987692257572,0.0,51.9275737,0.00280369539,89.9286928,56.716534,0.993767401,0.0,53.9523002,0.00233734259,89.8233791,56.4635987
19,12,5.0,0,0.1,0.99,1,0,20,0,1,86.17490768547819,8.806103459981816,99.83876694114078,0.0,50.4196905,0.00326346232,89.9139571,55.8605032,0.991754468,0.0,52.2120219,0.00277238645,89.7671897,55.5909993
6,12,5.0,0,0.1,0.99,1,0,20,1,1,86.35354834545893,8.428611111443868,99.80837040469962,0.0,50.6746507,0.00316102749,89.9195685,56.0166545,0.992347822,0.0,52.5789147,0.00265417602,89.7759919,55.7735992
45,20,0.01,0,0.1,0.99,1,0,20,0,1,69.07755207928831,15.192758989979891,99.82242436683758,0.0,54.2661232,0.00218479633,89.9248535,57.9444426,0.995931093,0.0,56.292699,0.00182049641,89.8238529,57.6355581
49,20,0.01,0,0.1,0.99,1,0,20,1,1,68.14848322116391,14.57894012131164,99.82416357044896,0.0,53.1944702,0.00243553721,89.9187301,57.4894714,0.995077083,0.0,55.0875758,0.00206205075,89.7521762,57.0251881
334,20,0.1,0,0.05,0.99,1,0,20,0,2,63.69581173888029,15.091741120870472,99.85387346942242,0.0,53.9954995,0.00224862314,89.8989033,57.7229781,0.995918043,0.0,56.2416546,0.00183213167,89.7565595,57.6160675
52,20,0.5,0,0.1,0.99,1,0,20,0,1,74.36372038370091,13.594349460029806,99.84833928973771,0.0,52.7629202,0.00252996242,89.9221234,57.1823811,0.99491488,0.0,54.9604165,0.00208482373,89.7981664,56.9642089
33,20,0.5,0,0.1,0.99,1,0,20,1,1,76.46224512581163,13.555394521252287,99.84648109627355,0.0,53.5431838,0.0023468139,89.9301476,57.4571103,0.995356822,0.0,55.604436,0.00196177075,89.7720301,57.2911991
335,20,1.0,0,0.05,0.99,1,0,20,0,2,64.87953550966148,15.203119835989195,99.83224094365485,0.0,52.4372661,0.00260206329,89.9110655,56.9639826,0.994871292,0.0,54.3178073,0.00218252018,89.7749875,56.6471901
29,20,1.0,0,0.1,0.99,1,0,20,0,1,81.18326185769853,12.438095558576167,99.81852651600273,0.0,52.9108177,0.00249734641,89.9158116,57.1340087,0.995011044,0.0,54.9588839,0.00207177961,89.6988324,56.9624087
47,20,1.0,0,0.1,0.99,1,0,20,1,1,80.30760410578537,11.620603696507798,99.82377041280218,0.0,52.6304288,0.0025732445,89.9161773,56.9666578,0.994831953,0.0,54.8047276,0.00211382501,89.7821675,56.8895916
336,20,2.0,0,0.05,0.99,1,0,20,0,2,67.05044060523959,15.134768827979055,99.82329145841486,0.0,51.9649625,0.00275713038,89.8985945,56.8768424,0.994279284,0.0,54.3029685,0.00223988417,89.7516971,56.6444881
26,20,2.0,0,0.1,0.99,1,0,20,0,1,84.40433511659745,10.681821780835683,99.78669430460914,0.0,51.7582372,0.00282328678,89.9185588,56.476624,0.993773273,0.0,53.6211978,0.00238570627,89.7607939,56.2859417
55,20,2.0,0,0.1,0.99,1,0,20,1,1,82.94274723904797,11.08568881797029,99.78220700790375,0.0,51.9449229,0.00276644567,89.9320053,56.77081,0.994123307,0.0,54.0460374,0.00228247116,89.8338728,56.5183809
337,20,5.0,0,0.05,0.99,1,0,20,0,2,74.88508298195991,13.741021462970131,99.8234915039436,0.0,50.0293343,0.00340656854,89.9138625,55.8728801,0.991150269,0.0,52.0390206,0.00285601332,89.7697735,55.4890327
42,20,5.0,0,0.1,0.99,1,0,20,0,1,86.55494902663003,9.00215280001113,99.84529626982454,0.0,50.5555771,0.0032192433,89.9277166,56.1667589,0.991866919,0.0,52.4585591,0.0027268695,89.8084087,55.7127283
4,20,5.0,0,0.1,0.99,1,0,20,1,1,87.04822414282157,8.648928045121984,99.83446791066018,0.0,50.6539785,0.00317681713,89.9219576,56.2004272,0.992226076,0.0,52.618809,0.00266200551,89.8087197,55.7808261
58,30,0.01,0,0.1,0.99,1,0,20,0,1,68.09657942157108,14.209684589985512,99.87732973872963,0.0,54.3414019,0.00214479299,89.917659,57.9217797,0.996172582,0.0,56.4920407,0.00176312976,89.8286147,57.7281118
22,30,0.01,0,0.1,0.99,1,0,20,1,1,67.82403247654493,15.05265485885061,99.81861570756286,0.0,55.0037483,0.00201932236,89.9279488,58.1850388,0.996499067,0.0,57.1230389,0.00166440376,89.7954546,58.0525086
13,30,0.5,0,0.1,0.99,1,0,20,0,1,76.74673469154574,13.877148808606766,99.83165661174922,0.0,53.2320469,0.00239902738,89.9105093,57.4137561,0.995432245,0.0,55.2878305,0.00199255704,89.7755652,57.1373826
31,30,0.5,0,0.1,0.99,1,0,20,1,1,76.44212131785031,13.971433409286416,99.79970306849847,0.0,53.1833938,0.00242276475,89.9098594,57.4040753,0.995274674,0.0,55.3004644,0.00200178048,89.8112356,57.1242707
48,30,1.0,0,0.1,0.99,1,0,20,0,1,80.73266800699267,12.088262429928127,99.81148476744592,0.0,52.979253,0.00247099273,89.9122457,57.0160585,0.995251411,0.0,55.1547353,0.00202810368,89.8041663,57.0506556
21,30,1.0,0,0.1,0.99,1,0,20,1,1,79.11996610924591,12.979921764365717,99.79334374682779,0.0,52.9382464,0.0024837657,89.9193042,57.0581793,0.995122997,0.0,54.8612353,0.00207288316,89.7653177,56.9004938
41,30,2.0,0,0.1,0.99,1,0,20,0,1,83.65792606308673,11.454092610768615,99.79383721670652,0.0,51.6456652,0.00285214299,89.905302,56.5637477,0.993744091,0.0,53.6195693,0.00237959592,89.7609448,56.2841708
36,30,2.0,0,0.1,0.99,1,0,20,1,1,82.69945047604344,11.066386911353646,99.80933580521662,0.0,51.8473622,0.0027795225,89.9249753,56.7771773,0.993921992,0.0,53.9797371,0.00230611042,89.7646413,56.463451
7,30,5.0,0,0.1,0.99,1,0,20,0,1,86.35962986572453,8.846610198635652,99.82897685858774,0.0,50.6280345,0.00317952844,89.9231544,56.1808876,0.992170272,0.0,52.5971923,0.00266961486,89.7609953,55.7747096
50,30,5.0,0,0.1,0.99,1,0,20,1,1,85.4572938313945,8.568365470501767,99.84978719342168,0.0,50.2313119,0.00332017605,89.9234033,55.6916529,0.991531602,0.0,51.8585828,0.00285268045,89.8074706,55.426634
30,50,0.01,0,0.1,0.99,1,0,20,0,1,67.7804077541256,15.110102652822077,99.82461597510111,0.0,55.6276958,0.00187891661,89.9114904,58.3853649,0.997165467,0.0,58.0484106,0.00150633873,89.7615873,58.5275471
10,50,0.01,0,0.1,0.99,1,0,20,1,1,66.58404650425845,15.566744455386178,99.8411227405757,0.0,54.8140969,0.00201641785,89.9099349,58.1112592,0.99682716,0.0,57.2049518,0.00161300419,89.7486043,58.0937078
338,50,0.1,0,0.05,0.99,1,0,20,0,2,63.98892380627999,15.565807271037372,99.83662547608773,0.0,54.9624629,0.00199181937,89.9011101,58.0140421,0.996744999,0.0,57.0322556,0.00164086986,89.7599442,58.011368
12,50,0.5,0,0.1,0.99,1,0,20,0,1,76.90317819789475,14.064967195160406,99.8181091069277,0.0,53.7612937,0.00226199014,89.9169109,57.6011544,0.995981653,0.0,55.8331823,0.00186297091,89.8145735,57.4097874
18,50,0.5,0,0.1,0.99,1,0,20,1,1,75.19193163475079,14.404515015809784,99.84740477632805,0.0,53.4962494,0.00232300912,89.9348035,57.5503229,0.995727721,0.0,55.7407201,0.00189689519,89.8385379,57.3654469
339,50,1.0,0,0.05,0.99,1,0,20,0,2,64.73035984206193,15.363494923786863,99.83160525904651,0.0,52.8060164,0.00249791838,89.9136466,57.2082815,0.995247429,0.0,55.0327068,0.00202624637,89.7862718,57.0046399
8,50,1.0,0,0.1,0.99,1,0,20,0,1,79.50130713165291,13.32912091353066,99.83838999911214,0.0,52.481876,0.00257311083,89.9309723,56.9188298,0.995068432,0.0,54.6653511,0.0020935726,89.8020179,56.8296801
17,50,1.0,0,0.1,0.99,1,0,20,1,1,81.01088653893777,11.81028798425304,99.84292716620172,0.0,53.0393153,0.00244192358,89.9217176,57.1742059,0.995298544,0.0,55.099129,0.00202065994,89.8246666,57.0371764
71,50,1.0,0,0.1,0.99,1,1,20,0,0,63.633950507424245,15.894655111627207,99.80706177103247,0.0,52.6581608,0.00253832627,89.8464647,57.0210608,0.994902604,0.0,54.5404965,0.0021587318,89.742212,56.7423313
81,50,1.0,0,0.1,0.99,1,1,20,0,1,80.98998350247686,12.05311722884558,99.8266976078741,0.0,52.8272337,0.0025122041,89.9196607,56.8557987,0.995103446,0.0,54.8000149,0.00208141073,89.779409,56.8698836
64,50,1.0,0,0.1,0.99,1,1,20,1,0,64.2013626150003,15.654135177377867,99.79313433056457,0.0,52.7732229,0.00251272662,89.8705825,56.9726152,0.995083552,0.0,54.9435939,0.00207659972,89.7708928,56.950718
65,50,1.0,0,0.1,0.99,1,1,20,1,1,81.06697709009241,12.12589478169437,99.81941466320473,0.0,52.6483742,0.00254827838,89.928009,56.9520619,0.995122099,0.0,54.7593448,0.00209366435,89.7687621,56.8677137
82,50,1.0,0,0.1,0.99,1,1,30,0,0,64.21577518776841,15.88955236466084,99.82789313432168,0.0,52.8814272,0.00249773378,89.9131944,57.1711229,0.995086933,0.0,55.0918837,0.00207114334,89.8087821,57.0369146
69,50,1.0,0,0.1,0.99,1,1,30,0,1,82.32230222934942,11.283679754454992,99.80279316577901,0.0,51.2967738,0.00300185351,89.9150221,56.3741204,0.992935776,0.0,53.2819513,0.00250658981,89.7581757,56.1303797
85,50,1.0,0,0.1,0.99,1,1,30,1,0,64.74400306933104,15.973556224065176,99.80094730587507,0.0,52.7810406,0.00250913028,89.9063225,57.1798571,0.995008984,0.0,54.9190598,0.00210192503,89.803969,56.9291535
73,50,1.0,0,0.1,0.99,1,1,30,1,1,80.74116994938142,11.40771169873575,99.85303275799781,0.0,52.4139742,0.00262212471,89.9103616,56.9702331,0.994701996,0.0,54.7107863,0.00212742765,89.7946029,56.8488605
74,50,1.0,0,0.1,0.99,1,1,50,0,0,63.29754450030753,16.008945658454508,99.81717286508983,0.0,52.4898521,0.00261075292,89.8984036,57.0148421,0.994521632,0.0,54.7173616,0.00217434106,89.8096101,56.8403215
79,50,1.0,0,0.1,0.99,1,1,50,0,1,81.56541273769808,11.061401910707596,99.85147522342213,0.0,51.986922,0.00276383683,89.918809,56.7551538,0.993858961,0.0,54.0404189,0.0023022338,89.7909375,56.5051978
77,50,1.0,0,0.1,0.99,1,1,50,1,0,64.85065033377121,15.658538675288774,99.7905531347166,0.0,50.0512865,0.0034759083,89.8735306,55.9621398,0.990191564,0.0,52.0881797,0.00297339387,89.7587971,55.5213209
78,50,1.0,0,0.1,0.99,1,1,50,1,1,79.01365038867552,13.62921854959742,99.80197105929699,0.0,50.0031751,0.0034878749,89.9284819,55.8588185,0.990562164,0.0,51.9917765,0.00291848974,89.7999991,55.490975
297,50,1.0,1,0.05,0.9,1,0,20,1,1,71.56289307201357,14.194660129677262,99.7952847735275,0.0,52.1355082,0.00267569878,89.919635,56.8113325,0.994618592,0.0,54.4280902,0.00217617917,89.7717286,56.6968732
275,50,1.0,1,0.05,0.9,1,0,30,1,1,70.58062959905024,13.554391709450975,99.82931864224909,0.0,52.891905,0.00247848301,89.9208998,57.257359,0.995146238,0.0,55.0492323,0.0020370249,89.7920936,57.0244357
152,50,1.0,1,0.05,0.9,5,0,20,1,1,70.13272471839043,14.194859669326446,99.84317887371178,0.0,52.9963229,0.00245001237,89.9233976,57.3738475,0.995233647,0.0,55.1361837,0.00202903194,89.8035777,57.0627246
123,50,1.0,1,0.05,0.9,5,0,30,1,1,72.39437602592615,13.263654357844825,99.83121084821003,0.0,52.9001534,0.0024877451,89.9257425,57.2291352,0.995101897,0.0,55.0571588,0.00205751503,89.7618605,57.0191062
132,50,1.0,1,0.05,0.9,10,0,20,1,1,70.75639853840174,13.447510314087143,99.84532710032892,0.0,53.1056063,0.00244449335,89.9159911,57.2753713,0.995180466,0.0,55.2367253,0.00201951077,89.8304203,57.0920682
232,50,1.0,1,0.05,0.9,10,0,30,1,1,72.00590688260574,13.58184896667515,99.84184128558901,0.0,52.9747499,0.00245977027,89.9143004,57.2848414,0.995243478,0.0,55.176491,0.00202106421,89.7895856,57.0768835
312,50,1.0,1,0.05,0.9,20,0,20,1,1,72.96214825724788,13.355007058465944,99.84543004754222,0.0,52.6266756,0.00255338162,89.9240698,57.2209554,0.995011998,0.0,54.920479,0.00207560691,89.8076704,56.9651918
230,50,1.0,1,0.05,0.9,20,0,30,1,1,71.41560741413254,14.620904374339668,99.79970458319389,0.0,52.8760215,0.00247437848,89.9022538,57.3109358,0.995296043,0.0,55.1135566,0.00202909563,89.748287,57.0232051
231,50,1.0,1,0.05,0.98,1,0,20,1,1,76.91871875655511,12.501942545071396,99.78680025698719,0.0,52.2659721,0.00269511445,89.9241566,56.8254114,0.994398249,0.0,54.5112594,0.00219984751,89.779006,56.729612
179,50,1.0,1,0.05,0.98,1,0,30,1,1,78.47681851306331,11.88848067628254,99.83685030828238,0.0,51.8160462,0.00281173459,89.9119619,56.7569474,0.993839744,0.0,53.8460407,0.00234288441,89.7984618,56.424563
295,50,1.0,1,0.05,0.98,5,0,20,1,1,77.62346717091442,12.443811146917394,99.81257384748477,0.0,52.1583178,0.00271307983,89.9271047,56.8653227,0.994215648,0.0,54.3496978,0.00224180695,89.7883709,56.6492572
112,50,1.0,1,0.05,0.98,5,0,30,1,1,76.8425376752432,12.563303336876388,99.81626549121823,0.0,52.177618,0.00270711336,89.9163452,56.914074,0.994465388,0.0,54.6248569,0.0021768966,89.7974274,56.808142
308,50,1.0,1,0.05,0.98,10,0,20,1,1,76.88786102102007,12.413169572542456,99.86088667808374,0.0,52.1228656,0.00272827035,89.9334042,56.9367203,0.994222253,0.0,54.309763,0.00224357597,89.8239299,56.6465341
266,50,1.0,1,0.05,0.98,10,0,30,1,1,78.12942869995543,11.557445023092288,99.84013759150973,0.0,52.004533,0.00274223985,89.9303547,56.8110784,0.994439396,0.0,54.4798681,0.00218980286,89.8196064,56.7416945
323,50,1.0,1,0.05,0.98,20,0,20,1,1,76.90449228930339,11.944795251779778,99.82347272353178,0.0,52.3003401,0.002665159,89.9199246,56.8299445,0.994493074,0.0,54.4278091,0.00219358999,89.7988342,56.6918697
209,50,1.0,1,0.05,0.98,20,0,30,1,1,78.88985673126125,11.626446432955932,99.86585021200759,0.0,52.3039743,0.00266512638,89.9054014,57.0026078,0.9944827,0.0,54.4930943,0.00218304904,89.8023155,56.7401502
130,50,1.0,1,0.05,0.99,1,0,20,1,1,76.70140724067906,12.884693608158098,99.83609519911049,0.0,51.4858859,0.00294618942,89.9289158,56.5437126,0.993395198,0.0,53.7147793,0.00240754177,89.8297105,56.3439261
294,50,1.0,1,0.05,0.99,1,0,30,1,1,80.23008808876355,11.302510267494837,99.80833626744989,0.0,51.4246941,0.00297458765,89.9225105,56.3310517,0.993193959,0.0,53.5816983,0.00245026628,89.7723778,56.2621175
204,50,1.0,1,0.05,0.99,5,0,20,1,1,81.51652494027137,10.00361110781166,99.83540644401259,0.0,51.4668955,0.00295039668,89.9276318,56.3360693,0.993422144,0.0,53.6534199,0.00241211108,89.8267922,56.3056163
281,50,1.0,1,0.05,0.99,5,0,30,1,1,81.5271640326084,10.296725765491065,99.8547877991195,0.0,51.3625715,0.00299747229,89.9309537,56.4690275,0.99305203,0.0,53.557094,0.00246905747,89.82844,56.2720607
107,50,1.0,1,0.05,0.99,10,0,20,1,1,80.39414741445225,11.648155127122596,99.82860428879873,0.0,51.6417337,0.00289602139,89.923146,56.5597365,0.993510469,0.0,53.7799228,0.00238097208,89.7977049,56.3745956
187,50,1.0,1,0.05,0.99,10,0,30,1,1,78.84187510460181,12.117615639469166,99.78915881592998,0.0,51.4645477,0.00294252226,89.9137667,56.4771757,0.993550043,0.0,53.7702567,0.00238115795,89.7433524,56.3702802
314,50,1.0,1,0.05,0.99,20,0,20,1,1,80.62362848155823,11.581281644375062,99.82352425781681,0.0,51.2443736,0.00301264196,89.9309064,56.2530778,0.993145425,0.0,53.3515991,0.00248597547,89.8353959,56.1413683
122,50,1.0,1,0.05,0.99,20,0,30,1,1,80.44142086218949,12.778816364880797,99.84242911985986,0.0,51.6368269,0.0029195446,89.9185147,56.5659215,0.993500828,0.0,53.8603849,0.00237479485,89.7728673,56.4098095
226,50,1.0,1,0.1,0.9,1,0,20,1,1,76.93660776563675,12.91956980800424,99.81488543253043,0.0,53.1450979,0.00239661278,89.9197324,57.2752104,0.99564025,0.0,55.2596169,0.00196899914,89.7827249,57.1137775
175,50,1.0,1,0.1,0.9,1,0,30,1,1,76.70420753505697,12.6472733169056,99.82835845350694,0.0,52.4611704,0.00259955092,89.9148248,56.9850034,0.994685766,0.0,54.4608556,0.0021618118,89.7581742,56.714992
145,50,1.0,1,0.1,0.9,5,0,20,1,1,79.81738378653333,11.817017726338255,99.83501236215255,0.0,52.3651954,0.00260334191,89.9104137,56.7915072,0.994951176,0.0,54.4096046,0.00215496102,89.7616215,56.6964112
140,50,1.0,1,0.1,0.9,5,0,30,1,1,76.82970939965278,13.360282042337724,99.82929209953272,0.0,52.9461762,0.00245993068,89.9184305,57.277977,0.995318141,0.0,55.073794,0.00203296029,89.7699391,57.0262465
110,50,1.0,1,0.1,0.9,10,0,20,1,1,76.10497387458518,11.653485988877485,99.83434409347993,0.0,52.0755804,0.00271808077,89.9339474,56.9790487,0.993788525,0.0,53.741886,0.00237778692,89.8167054,56.346705
155,50,1.0,1,0.1,0.9,10,0,30,1,1,78.4068935579942,12.347706619424148,99.79216437486714,0.0,52.8571824,0.00248941996,89.9324693,57.2119528,0.995242354,0.0,54.9151972,0.00206804558,89.7987246,56.938594
163,50,1.0,1,0.1,0.9,20,0,20,1,1,77.55758989465855,12.692143374142285,99.8169451130877,0.0,52.9558446,0.00245441978,89.9219023,57.2232914,0.995342333,0.0,55.2117173,0.0020074344,89.7531648,57.0752914
93,50,1.0,1,0.1,0.9,20,0,30,1,1,77.2864181742231,11.990217960866335,99.84098531717409,0.0,52.5795188,0.00255665827,89.916548,57.0461595,0.995003022,0.0,54.5918673,0.00212830012,89.7659951,56.7857622
309,50,1.0,1,0.1,0.98,1,0,20,1,1,84.25474749712023,9.65208863318478,99.82840266925467,0.0,52.4332697,0.00262700328,89.9191046,56.8700673,0.994755733,0.0,54.7416514,0.00213521263,89.7744101,56.864455
221,50,1.0,1,0.1,0.98,1,0,30,1,1,82.75103559013151,10.013132403652971,99.84700024103196,0.0,51.9306753,0.00278159289,89.923913,56.7587421,0.994034533,0.0,54.2142095,0.00226884932,89.8022564,56.5851766
317,50,1.0,1,0.1,0.98,5,0,20,1,1,82.45664310442986,10.30252253704256,99.79757506566882,0.0,52.5617209,0.00260823126,89.9318206,57.0373374,0.994719936,0.0,54.8022991,0.00212808409,89.783964,56.9118477
102,50,1.0,1,0.1,0.98,5,0,30,1,1,80.22502113176358,10.726248282863123,99.83635454711552,0.0,52.4332012,0.00261807682,89.9351942,57.0474394,0.994544397,0.0,54.5125945,0.00217766408,89.8276062,56.7517893
216,50,1.0,1,0.1,0.98,10,0,20,1,1,83.0850901417546,9.514138817106511,99.79292987294771,0.0,52.4783602,0.0026145609,89.895358,56.9189748,0.994591551,0.0,54.4958629,0.0021839715,89.7674468,56.7177196
182,50,1.0,1,0.1,0.98,10,0,30,1,1,81.94932554452116,10.05989943623098,99.82281592329961,0.0,52.2837383,0.00265007415,89.9183615,56.7949251,0.994588815,0.0,54.3031308,0.00220380081,89.7718951,56.6244706
168,50,1.0,1,0.1,0.98,20,0,20,1,1,82.56021934013569,9.335433637542062,99.86528273872983,0.0,52.1062758,0.00268735807,89.93299,56.8417148,0.994400111,0.0,54.1583544,0.00223068633,89.8202391,56.550484
148,50,1.0,1,0.1,0.98,20,0,30,1,1,81.61974799960647,11.270842955542152,99.79159884329758,0.0,52.5818152,0.00257848746,89.918512,57.0238208,0.994840043,0.0,54.7947861,0.00211887192,89.7897092,56.882506
114,50,1.0,1,0.1,0.99,1,0,20,1,1,84.60986301319805,9.435144996925825,99.81838165474478,0.0,52.3585564,0.00266770773,89.9093639,56.8948017,0.994567889,0.0,54.4999866,0.0021925724,89.7525329,56.7537297
144,50,1.0,1,0.1,0.99,1,0,30,1,1,84.8614192397214,9.500555951551728,99.84321400513603,0.0,52.396822,0.00265812162,89.8990187,56.9256965,0.99451554,0.0,54.5672773,0.00218797788,89.7611354,56.7717706
234,50,1.0,1,0.1,0.99,5,0,20,1,1,85.04054591851101,8.897421650568802,99.83914158191915,0.0,52.1699977,0.00271799415,89.918009,56.7416339,0.994143996,0.0,54.2337318,0.00225506073,89.8097061,56.5960242
101,50,1.0,1,0.1,0.99,5,0,30,1,1,86.12521595678461,8.543257784199458,99.80336352490245,0.0,52.2307357,0.00270534779,89.9221158,56.6399056,0.994285272,0.0,54.2625252,0.00224442042,89.8226528,56.6192875
214,50,1.0,1,0.1,0.99,10,0,20,1,1,83.87527365547363,9.2154939630276,99.82015189127274,0.0,51.9397,0.00278492645,89.9226251,56.6987483,0.993899757,0.0,54.0229141,0.0023079904,89.8336048,56.4875362
90,50,1.0,1,0.1,0.99,10,0,30,1,1,84.21998497007785,9.193843907411017,99.84668169379444,0.0,52.0114233,0.0027404086,89.9172471,56.7466028,0.99429514,0.0,54.1373673,0.00225831977,89.770396,56.553242
167,50,1.0,1,0.1,0.99,20,0,20,1,1,82.61374292867244,9.650747618137784,99.81752866047619,0.0,51.1770901,0.00300395123,89.9017692,56.1911306,0.993682991,0.0,53.5407867,0.00240891412,89.7100726,56.229837
313,50,1.0,1,0.1,0.99,20,0,30,1,1,83.78952405294943,9.126005895415524,99.84210251485028,0.0,51.5754679,0.0029059211,89.9248705,56.3896514,0.993518755,0.0,53.7163989,0.00239367227,89.8089963,56.3432116
111,50,1.0,1,0.25,0.9,1,0,20,1,1,86.40367741066333,9.146143632983502,99.81067490780839,0.0,53.1551683,0.00242058736,89.9344509,57.4073893,0.995382573,0.0,55.3015377,0.00199859953,89.7621743,57.1493545
318,50,1.0,1,0.25,0.9,1,0,30,1,1,87.58205903451486,8.698620397705312,99.82255384386177,0.0,53.0578465,0.00244618033,89.9088601,57.3858256,0.995213663,0.0,55.1213567,0.0020361844,89.7687259,57.0351785
119,50,1.0,1,0.25,0.9,5,0,20,1,1,88.30413391492138,7.724501520997782,99.8419406333064,0.0,52.9134089,0.00247517203,89.9213994,57.3401206,0.995166546,0.0,54.9910989,0.00205634516,89.7830071,56.9869661
136,50,1.0,1,0.25,0.9,5,0,30,1,1,85.52752483159708,8.764836380183906,99.86987976617453,0.0,52.2302253,0.00265287723,89.9176902,56.9461175,0.994715889,0.0,54.4414667,0.00216764185,89.7882837,56.7051608
153,50,1.0,1,0.25,0.9,10,0,20,1,1,83.78285666903096,10.335775392082883,99.80769031710093,0.0,52.8352554,0.00248674208,89.913419,57.2941847,0.9953282,0.0,55.0236521,0.00203040254,89.7965588,56.999709
165,50,1.0,1,0.25,0.9,10,0,30,1,1,87.35751979417388,8.07828636042858,99.83635262284103,0.0,53.0542402,0.00244124137,89.927385,57.4321848,0.995257352,0.0,55.2209525,0.00201184574,89.7816645,57.1098157
115,50,1.0,1,0.25,0.9,20,0,20,1,1,84.28963736750083,9.615142618427486,99.81765721034377,0.0,53.0779568,0.0024423913,89.9061454,57.1414013,0.9952583,0.0,55.0972332,0.00202997717,89.8080992,57.0230424
289,50,1.0,1,0.25,0.9,20,0,30,1,1,86.19002589920197,9.271507020297806,99.83335061109865,0.0,52.9803403,0.00245946268,89.9225523,57.150574,0.995132377,0.0,54.8394413,0.0020863686,89.7706029,56.8951064
220,50,1.0,1,0.25,0.98,1,0,20,1,1,87.58397563835769,7.797711356451644,99.83499878128934,0.0,52.7060271,0.00253137733,89.9316564,57.2469716,0.994799903,0.0,54.7245142,0.00212470154,89.7989424,56.849781
325,50,1.0,1,0.25,0.98,1,0,30,1,1,86.92615418927477,8.190617675034945,99.79606533094079,0.0,52.5211254,0.00260439385,89.9330334,56.8847686,0.994609318,0.0,54.5627904,0.00217481681,89.7873526,56.7563185
248,50,1.0,1,0.25,0.98,5,0,20,1,1,87.37160673373894,9.4786843596273,99.85638526890008,0.0,52.7873532,0.0025291214,89.9179146,57.0877452,0.994931771,0.0,54.7240444,0.0021122712,89.7626101,56.8416069
121,50,1.0,1,0.25,0.98,5,0,30,1,1,87.21946865972926,8.198682386542542,99.85250130639578,0.0,53.0218702,0.00246988895,89.9294216,57.2498427,0.995233076,0.0,55.1923504,0.00202819224,89.7683912,57.0731439
213,50,1.0,1,0.25,0.98,10,0,20,1,1,87.79382779172839,7.421878463341956,99.82897432368044,0.0,52.9426143,0.00248630379,89.9159668,57.1579771,0.99503862,0.0,54.8303899,0.00210329909,89.7868591,56.910802
166,50,1.0,1,0.25,0.98,10,0,30,1,1,87.16601884741884,8.078719325328544,99.8198888389431,0.0,52.6986063,0.00255486503,89.9352023,57.1541683,0.994827149,0.0,54.8816854,0.00210235946,89.8080863,56.9350849
306,50,1.0,1,0.25,0.98,20,0,20,1,1,88.17793651757542,7.902843603531608,99.8171143688662,0.0,53.3572706,0.00236813056,89.924003,57.3688379,0.995408022,0.0,55.3790092,0.00197445001,89.8039366,57.1855231
197,50,1.0,1,0.25,0.98,20,0,30,1,1,88.57304783967446,7.597839221765129,99.83467470824371,0.0,53.0916274,0.00243033785,89.9189015,57.2963094,0.995326326,0.0,55.1709024,0.00201505688,89.7958218,57.0638344
146,50,1.0,1,0.25,0.99,1,0,20,1,1,87.90749215049277,7.5115178700525025,99.8456181745237,0.0,52.3967419,0.00263807446,89.9110656,56.823121,0.994633606,0.0,54.2669127,0.00222508335,89.7470562,56.5950051
156,50,1.0,1,0.25,0.99,1,0,30,1,1,88.63329848622985,7.195338856454442,99.82997383450416,0.0,52.5141497,0.00260260848,89.9339281,57.0194417,0.994543238,0.0,54.5628634,0.00217738459,89.8136566,56.7645379
243,50,1.0,1,0.25,0.99,5,0,20,1,1,88.04635824601613,7.419246423736489,99.84029424339224,0.0,52.5326404,0.00259704442,89.9229373,57.1293638,0.994803245,0.0,54.7047055,0.00214276964,89.8228467,56.8331845
170,50,1.0,1,0.25,0.99,5,0,30,1,1,86.91824421059336,9.947346924355884,99.79839033428594,0.0,52.4685566,0.00264028317,89.9157494,57.0365421,0.994543239,0.0,54.6691749,0.002171107,89.7553474,56.8092752
96,50,1.0,1,0.25,0.99,10,0,20,1,1,86.84408473984314,8.95658527986201,99.81223884780228,0.0,52.6850499,0.0025554779,89.9133296,56.9931238,0.994854701,0.0,54.5974774,0.00214547225,89.8045026,56.7923364
222,50,1.0,1,0.25,0.99,10,0,30,1,1,88.105621474091,9.276922783293928,99.81830634721337,0.0,53.075512,0.00246916937,89.9222242,57.2952441,0.995059025,0.0,55.1860963,0.0020499547,89.7772835,57.0763488
319,50,1.0,1,0.25,0.99,20,0,20,1,1,87.68880755527145,7.689946103655925,99.80693360742355,0.0,52.6395745,0.0025581069,89.9195404,57.0067783,0.994783355,0.0,54.4522801,0.00217201565,89.7574726,56.6925096
284,50,1.0,1,0.25,0.99,20,0,30,1,1,87.92283312666241,8.143619375496373,99.81526223871194,0.0,52.6853983,0.00255587418,89.9310574,56.9478363,0.994755536,0.0,54.5553831,0.00216079305,89.7618809,56.7667982
270,50,1.0,1,0.4,0.9,1,0,20,1,1,88.20758768715064,7.79981096305834,99.81559614799485,0.0,53.5221433,0.00233736649,89.9099879,57.4389218,0.995471245,0.0,55.537614,0.00195981959,89.7544354,57.2714642
129,50,1.0,1,0.4,0.9,1,0,30,1,1,88.26170307381179,8.53753532675836,99.82429658040397,0.0,53.2468735,0.00239369,89.9266389,57.4072747,0.995409922,0.0,55.3552219,0.00198032775,89.8278633,57.1672202
157,50,1.0,1,0.4,0.9,5,0,20,1,1,88.30095774218908,7.93628185461028,99.81580111707613,0.0,53.4428785,0.00234021236,89.9268491,57.428163,0.995581033,0.0,55.5192112,0.00194527678,89.8340064,57.2528005
283,50,1.0,1,0.4,0.9,5,0,30,1,1,87.97344788092722,8.395667141406605,99.80329415615441,0.0,53.5699855,0.00231520592,89.9242718,57.5085567,0.995690276,0.0,55.7158513,0.00191268766,89.7319787,57.3539389
311,50,1.0,1,0.4,0.9,10,0,20,1,1,88.81198594632806,7.954615828669451,99.83405442598209,0.0,53.1822005,0.00241054648,89.9223758,57.3424002,0.995371795,0.0,55.2361723,0.00201324398,89.805383,57.0848037
240,50,1.0,1,0.4,0.9,10,0,30,1,1,87.5502475184291,8.747023319978915,99.84731809975099,0.0,53.0705614,0.00244110734,89.9124097,57.2822545,0.995273555,0.0,55.1123023,0.00202801713,89.7447032,57.0517915
142,50,1.0,1,0.4,0.9,20,0,20,1,1,88.56021250587592,8.52674015768074,99.83591572513787,0.0,53.1106873,0.00243567845,89.9208571,57.2373715,0.995369187,0.0,55.3970527,0.00198148804,89.8085816,57.1810352
205,50,1.0,1,0.4,0.9,20,0,30,1,1,88.09519970176397,7.7141826946878576,99.82253653988175,0.0,53.4679412,0.00233672217,89.9239478,57.4298412,0.995529295,0.0,55.3841778,0.00196936159,89.8070626,57.1688375
201,50,1.0,1,0.4,0.98,1,0,20,1,1,87.50533568606646,8.756633023949817,99.79844978392995,0.0,52.8674058,0.00250620154,89.9187438,57.2645656,0.995058,0.0,55.0472519,0.00206225704,89.775133,57.0038448
127,50,1.0,1,0.4,0.98,1,0,30,1,1,88.36097369454296,8.553507540253225,99.8333071676418,0.0,53.0863376,0.00242372213,89.9322813,57.2898135,0.995261753,0.0,54.996157,0.00204011533,89.7685736,56.985969
244,50,1.0,1,0.4,0.98,5,0,20,1,1,89.14493410319275,7.865743147278955,99.84408366603523,0.0,53.0247198,0.00245745756,89.9353066,57.310336,0.995156801,0.0,54.9778088,0.00205763719,89.8133054,56.9784141
124,50,1.0,1,0.4,0.98,5,0,30,1,1,89.28138307301467,7.723290992005579,99.81853486154428,0.0,53.2414603,0.00238595338,89.9303516,57.3451265,0.995339397,0.0,55.2127924,0.00200900161,89.7969578,57.0722795
128,50,1.0,1,0.4,0.98,10,0,20,1,1,88.8958339184977,7.553531954471816,99.829813385921,0.0,53.4516902,0.00233785151,89.9190552,57.36948,0.995636509,0.0,55.5595582,0.00193160023,89.7692257,57.26901
304,50,1.0,1,0.4,0.98,10,0,30,1,1,89.20663661964659,7.26989709868433,99.83669242924753,0.0,52.8422264,0.00250648526,89.9300027,57.1061147,0.994893232,0.0,54.6492949,0.00213029584,89.8235213,56.8206656
174,50,1.0,1,0.4,0.98,20,0,20,1,1,87.6212881358068,7.653558027746942,99.8100116890261,0.0,52.7513356,0.00251178599,89.920102,57.0544969,0.995016776,0.0,54.4966586,0.00213991201,89.7731002,56.7253829
117,50,1.0,1,0.4,0.98,20,0,30,1,1,89.53772823473066,7.613995935130916,99.84601194167124,0.0,53.3941699,0.00235672207,89.9281038,57.4929753,0.995373803,0.0,55.3498067,0.00198714573,89.7805019,57.164288
305,50,1.0,1,0.4,0.99,1,0,20,1,1,88.83350303639132,7.323076811119538,99.82828909336253,0.0,52.6695981,0.00253888964,89.919742,57.2908774,0.99510697,0.0,55.0237983,0.00205332454,89.7763069,57.0025502
178,50,1.0,1,0.4,0.99,1,0,30,1,1,88.98820441671549,7.713557136395885,99.8090448958497,0.0,53.4855457,0.00233826468,89.9278092,57.5610662,0.995625302,0.0,55.5181418,0.00194804736,89.7823567,57.2456071
247,50,1.0,1,0.4,0.99,5,0,20,1,1,87.71845003629484,8.441321295667112,99.8005365603278,0.0,53.0222288,0.00244649164,89.9302499,57.1658332,0.995244856,0.0,55.0544653,0.00203567281,89.7653034,57.0105127
134,50,1.0,1,0.4,0.99,5,0,30,1,1,88.20782593911845,8.072370299482975,99.83937118031008,0.0,53.2586312,0.00240268479,89.9302829,57.3442408,0.995307487,0.0,55.3060966,0.00199564693,89.8161922,57.1507999
223,50,1.0,1,0.4,0.99,10,0,20,1,1,88.56242831780845,7.621678908596272,99.83349591521822,0.0,53.0700835,0.00244920076,89.9214703,57.4320753,0.995179295,0.0,55.1768723,0.00202981912,89.7642545,57.080791
302,50,1.0,1,0.4,0.99,10,0,30,1,1,88.25516036985744,8.896622195747183,99.82547858757236,0.0,53.0925803,0.00245104388,89.9276248,57.293174,0.995019841,0.0,55.0908637,0.00206466105,89.79506,57.0216362
271,50,1.0,1,0.4,0.99,20,0,20,1,1,87.63020510761693,7.824134858073031,99.82387673309951,0.0,52.9083074,0.00249152617,89.9002604,57.0333163,0.99508564,0.0,54.76505,0.00210333664,89.7281113,56.8528362
261,50,1.0,1,0.4,0.99,20,0,30,1,1,89.06257898351349,7.885476620907361,99.8140800628667,0.0,53.23924,0.00243002433,89.9241011,57.3237952,0.995131647,0.0,55.2424431,0.00203204012,89.7882863,57.1029493
288,50,1.0,1,0.5,0.9,1,0,20,1,1,88.1733673670752,8.70890782893508,99.8343110477618,0.0,52.5601882,0.00254352808,89.927742,57.0574582,0.994914137,0.0,54.6030731,0.00211709683,89.821773,56.7879893
141,50,1.0,1,0.5,0.9,1,0,30,1,1,87.94092193629871,7.9684603409871,99.83278380120767,0.0,53.9444031,0.00223301548,89.9174957,57.6538772,0.995964955,0.0,55.9375141,0.00186219439,89.7937599,57.4632819
265,50,1.0,1,0.5,0.9,5,0,20,1,1,88.8439331127785,7.447551370027479,99.8164489140403,0.0,53.6499386,0.00230920986,89.9113484,57.4889229,0.995572808,0.0,55.4929236,0.0019546958,89.7550471,57.2403624
299,50,1.0,1,0.5,0.9,5,0,30,1,1,88.41787907520842,7.378115228741699,99.82141194600901,0.0,53.5145201,0.00233740659,89.9326841,57.5754097,0.995465377,0.0,55.6208235,0.00194539697,89.8090899,57.3122345
262,50,1.0,1,0.5,0.9,10,0,20,1,1,87.62464277956312,7.899371234330871,99.87050502406343,0.0,52.5657465,0.00256809456,89.9282074,57.0634268,0.994881906,0.0,54.7185475,0.00212314899,89.8300575,56.8428223
207,50,1.0,1,0.5,0.9,10,0,30,1,1,88.37469836048503,7.56841392100866,99.79781816522599,0.0,53.2895275,0.00237807246,89.9350194,57.2928758,0.995504013,0.0,55.4141766,0.00196361334,89.8049347,57.1862579
315,50,1.0,1,0.5,0.9,20,0,20,1,1,87.95663292621369,6.935514161717779,99.8624810476066,0.0,52.8306573,0.00249272437,89.9091117,56.8534393,0.995046897,0.0,54.5669103,0.0021185084,89.7570541,56.7560612
88,50,1.0,1,0.5,0.9,20,0,30,1,1,88.51867703787566,7.704650547461035,99.81892523500429,0.0,53.3014885,0.00239219814,89.9207309,57.3594447,0.995307089,0.0,55.2769827,0.00200419603,89.7954569,57.110332
229,50,1.0,1,0.5,0.98,1,0,20,1,1,89.05618431392774,7.701283406070101,99.81491320239914,0.0,52.7635,0.00250028444,89.9257891,57.1733202,0.9949728,0.0,54.7092643,0.00211889301,89.7805034,56.8309861
235,50,1.0,1,0.5,0.98,1,0,30,1,1,88.98784177018474,8.593284186531408,99.7970748244903,0.0,53.0208166,0.00245597385,89.902984,57.3250766,0.995158387,0.0,55.0594107,0.00204239562,89.7364179,57.0193281
259,50,1.0,1,0.5,0.98,5,0,20,1,1,88.95269192225142,7.210408946727663,99.86002768027801,0.0,53.0073443,0.00244729499,89.9149482,57.2337337,0.995236812,0.0,54.8446441,0.00206601802,89.779078,56.8929555
97,50,1.0,1,0.5,0.98,5,0,30,1,1,88.18993037170986,7.639177761332429,99.83439878394641,0.0,53.120501,0.00244794024,89.9055423,57.2216418,0.995113008,0.0,55.1257126,0.00204172732,89.7600586,57.0567373
159,50,1.0,1,0.5,0.98,10,0,20,1,1,88.13533088615839,7.24817722311472,99.80075824766158,0.0,53.3295588,0.00238926462,89.9090811,57.1489211,0.995243437,0.0,55.1210932,0.0020378494,89.7510174,57.025662
171,50,1.0,1,0.5,0.98,10,0,30,1,1,89.31623982104786,8.111673038000069,99.8290548966463,0.0,52.6319601,0.00255645745,89.925001,57.3255568,0.994752022,0.0,54.7163903,0.00213051306,89.7625889,56.8364981
215,50,1.0,1,0.5,0.98,20,0,20,1,1,88.39596436265731,8.076357871337773,99.83366395244803,0.0,53.5013323,0.00232351881,89.9172313,57.4692615,0.995710266,0.0,55.5532906,0.00192657136,89.7852505,57.2671714
256,50,1.0,1,0.5,0.98,20,0,30,1,1,87.11976546920889,7.54193755267001,99.81799829235474,0.0,52.7494146,0.00251618486,89.9270224,57.0157582,0.995216302,0.0,55.1224637,0.00202830247,89.7941227,57.0367512
225,50,1.0,1,0.5,0.99,1,0,20,1,1,89.41431508549076,7.848708592882056,99.82255856364361,0.0,53.4513585,0.00236222019,89.9030017,57.4760695,0.995491684,0.0,55.4850195,0.0019601654,89.7702973,57.2211238
199,50,1.0,1,0.5,0.99,1,0,30,1,1,87.85960296070418,8.209612603233333,99.84665638456993,0.0,53.0894156,0.00243938696,89.9183352,57.2626411,0.995037416,0.0,55.0459046,0.00205628625,89.775641,57.0148284
279,50,1.0,1,0.5,0.99,5,0,20,1,1,89.2885481718119,6.466202041913696,99.84226063320247,0.0,52.6558713,0.00256093633,89.9052984,56.9707887,0.994868656,0.0,54.661207,0.00213159686,89.8003871,56.8199156
228,50,1.0,1,0.5,0.99,5,0,30,1,1,88.75046849500907,7.454451060315753,99.8366074869854,0.0,53.1373232,0.00241274269,89.9025249,57.4217881,0.995487599,0.0,55.3620144,0.00197579844,89.7649281,57.1535647
194,50,1.0,1,0.5,0.99,10,0,20,1,1,88.43494264585586,8.114242962085038,99.85341814949102,0.0,53.061692,0.00243388734,89.9321424,57.2667384,0.995256203,0.0,55.0013274,0.00204066094,89.7824068,56.9960607
108,50,1.0,1,0.5,0.99,10,0,30,1,1,88.56386332421884,7.656502566658963,99.83910343287748,0.0,53.366077,0.00235101821,89.8972253,57.3531959,0.995693972,0.0,55.4933749,0.00193886313,89.7364235,57.2301928
89,50,1.0,1,0.5,0.99,20,0,20,1,1,89.0380423180691,6.7994021637890185,99.76848639105675,0.0,53.2537178,0.00240930672,89.9323496,57.1873206,0.995362278,0.0,55.1071639,0.00202461094,89.7689866,57.0420276
190,50,1.0,1,0.5,0.99,20,0,30,1,1,88.97247754714753,7.04637809870264,99.82841935852645,0.0,53.2834768,0.00238685477,89.9094939,57.4087234,0.995448278,0.0,55.2893091,0.00199298787,89.7399078,57.1210711
340,50,2.0,0,0.05,0.99,1,0,20,0,2,65.3020711855515,15.107012450644458,99.82892158216731,0.0,51.9952337,0.00273457335,89.8988393,56.8953328,0.994380102,0.0,54.271483,0.00223542218,89.7426095,56.6287454
32,50,2.0,0,0.1,0.99,1,0,20,0,1,82.66783543138105,11.350997976040336,99.79467283409048,0.0,52.1530035,0.00271938821,89.9238523,56.8167936,0.994212444,0.0,54.2493137,0.00225242041,89.7945479,56.613074
56,50,2.0,0,0.1,0.99,1,0,20,1,1,82.22490146719804,11.134113869298275,99.83504776889365,0.0,51.484982,0.0028944347,89.9141215,56.4489391,0.993470785,0.0,53.3343819,0.0024450307,89.7780216,56.156125
341,50,5.0,0,0.05,0.99,1,0,20,0,2,71.10840998651483,14.015522210666244,99.8614578552333,0.0,49.943268,0.00344698318,89.9267427,56.0378632,0.990653968,0.0,51.906801,0.00290978086,89.8267233,55.4229229
61,50,5.0,0,0.1,0.99,1,0,20,0,1,86.14130256847642,8.656205442355594,99.82233489203621,0.0,50.2274647,0.00331106117,89.9217518,55.9661687,0.991477324,0.0,52.0583105,0.00281348988,89.8072599,55.5203457
34,50,5.0,0,0.1,0.99,1,0,20,1,1,86.864753816768,8.80030491844314,99.81899733586437,0.0,50.3930207,0.00328647618,89.9165013,56.0988033,0.99139603,0.0,52.3075178,0.00279245136,89.7916252,55.63106
0,50,5.0,1,0.25,0.9,1,0,50,0,0,91.17226918209016,7.038546845322456,99.77201653248622,0.0,51.2661654,0.00301535627,89.8764536,56.6103064,0.992442081,0.0,53.3487823,0.00255150249,89.7662471,56.1660037
57,100,0.01,0,0.1,0.99,1,0,20,0,1,67.39185152028026,15.163939098479654,99.8460946071356,0.0,55.9654048,0.00180435084,89.9171192,58.5770809,0.997244674,0.0,57.9871383,0.00150243285,89.8012239,58.487658
28,100,0.01,0,0.1,0.99,1,0,20,1,1,66.28733406051286,15.405698965300417,99.84678951588172,0.0,55.1207312,0.00195715159,89.9088176,58.1437605,0.996783123,0.0,57.0019866,0.00164650076,89.7764314,57.9962998
2,100,0.5,0,0.1,0.99,1,0,20,0,1,75.88716672686746,13.682436826610038,99.83215624546472,0.0,54.0053397,0.00221729854,89.9213593,57.6147308,0.996064814,0.0,56.070485,0.00182921929,89.8081651,57.5323597
5,100,0.5,0,0.1,0.99,1,0,20,1,1,75.19286796613979,14.062041821715471,99.81640420720521,0.0,53.7652679,0.0022570021,89.9289772,57.6475855,0.996086627,0.0,55.9955021,0.00184012962,89.778128,57.4857924
37,100,1.0,0,0.1,0.99,1,0,20,0,1,79.41340459514875,13.859907057289396,99.8216830807896,0.0,52.5429538,0.00256635693,89.925641,56.7407578,0.994870278,0.0,54.3964348,0.0021567272,89.7456202,56.6747757
25,100,1.0,0,0.1,0.99,1,0,20,1,1,80.56278528495642,12.29854982703511,99.85404845545895,0.0,52.6786082,0.00253952437,89.9324474,57.0841425,0.994885512,0.0,54.6604778,0.00212384168,89.8057714,56.8102011
11,100,2.0,0,0.1,0.99,1,0,20,0,1,81.53514454818959,11.561434730091,99.82272319020502,0.0,51.5137419,0.00289680702,89.9287103,56.5285317,0.993167955,0.0,53.4739843,0.00245245738,89.8019701,56.222907
38,100,2.0,0,0.1,0.99,1,0,20,1,1,81.99991897731293,12.01663825831152,99.81764458674995,0.0,51.8057605,0.00281215837,89.9130713,56.6839926,0.993871762,0.0,53.8313076,0.00233795301,89.7509039,56.3948583
16,100,5.0,0,0.1,0.99,1,0,20,0,1,85.76107826377623,8.765805373880195,99.83624045523074,0.0,50.2930188,0.00330816584,89.9226112,55.929675,0.991671434,0.0,52.2223797,0.00277781042,89.7758517,55.6052799
53,100,5.0,0,0.1,0.99,1,0,20,1,1,85.90016329725191,8.569100826504803,99.8541718066836,0.0,50.3522129,0.00330383213,89.9271578,55.9751635,0.991366996,0.0,52.0498435,0.00284320169,89.8330655,55.5174146
